train/policy_gradient_loss,train/std,train/learning_rate,time/time_elapsed,time/total_timesteps,train/approx_kl,train/clip_fraction,time/iterations,train/n_updates,train/explained_variance,time/fps,train/value_loss,train/entropy_loss,rollout/ep_len_mean,train/loss,rollout/ep_rew_mean,train/clip_range
-0.07899080860370304,0.9857503175735474,0.0003,163,20480,0.026104623,0.2705078125,10,90,0.07243967,125,1127.5105192184449,-23.898622876405717,28.25,498.5021057128906,139.66751762,0.2
-0.06699337960162666,0.9747491478919983,0.0003,407,40960,0.020571169,0.203759765625,20,190,0.298195,100,1556.9647270202636,-23.6947933614254,41.64,751.0647583007812,206.65681514,0.2
-0.06491367389971855,0.9641494750976562,0.0003,636,61440,0.02322347,0.20888671875,30,290,0.48089147,96,1299.765541267395,-23.508680653572082,51.69,566.5535278320312,261.09031716999993,0.2
-0.0548883732612012,0.9546798467636108,0.0003,888,81920,0.023545034,0.176123046875,40,390,0.58699334,92,1216.3357387542724,-23.33131252527237,60.7,558.2900390625,306.33837937000004,0.2
-0.04985816352127585,0.9490901827812195,0.0003,1111,102400,0.019077625,0.162109375,50,490,0.70147675,92,863.483572101593,-23.228783124685286,62.34,314.0735168457031,314.05512948,0.2
-0.047084887031815015,0.9444077610969543,0.0003,1346,122880,0.019303817,0.15185546875,60,590,0.7662373,91,658.1281556129455,-23.122662436962127,66.85,266.8099365234375,341.0910696700001,0.2
-0.04922573449439369,0.9382354617118835,0.0003,1580,143360,0.017721545,0.155126953125,70,690,0.83569264,90,466.33160347938536,-23.01646443605423,64.52,189.47885131835938,333.88069358000007,0.2
-0.04395550408808049,0.9349016547203064,0.0003,1796,163840,0.0155307455,0.13955078125,80,790,0.7969905,91,570.8765025138855,-22.937825310230256,68.75,204.02420043945312,347.47453151999997,0.2
-0.04738414738385473,0.9276406168937683,0.0003,2030,184320,0.023001745,0.16025390625,90,890,0.850535,90,416.2258845329285,-22.811643236875533,67.21,246.02476501464844,342.25397893,0.2
-0.048745444478117864,0.9231073260307312,0.0003,2273,204800,0.021195125,0.176806640625,100,990,0.8833079,90,338.6121116638184,-22.728993582725526,67.12,117.82015228271484,342.83363161,0.2
-0.047944609069963916,0.9228543639183044,0.0003,2514,225280,0.022835532,0.19013671875,110,1090,0.86379737,89,377.31200795173646,-22.716505342721938,69.89,114.52304077148438,356.13913161,0.2
-0.04508584755240008,0.9209994077682495,0.0003,2739,245760,0.020826474,0.158935546875,120,1190,0.875193,89,425.3588861942291,-22.67536547780037,73.94,156.31150817871094,377.62656388000005,0.2
-0.04853270417079329,0.9140225648880005,0.0003,2985,266240,0.02668363,0.185693359375,130,1290,0.8921944,89,380.1555217266083,-22.53984181880951,74.49,152.77613830566406,378.63645651,0.2
-0.04956585219479166,0.9086205363273621,0.0003,3225,286720,0.02541988,0.184619140625,140,1390,0.8694501,88,404.68365654945376,-22.443593668937684,69.44,163.32095336914062,356.65601088999995,0.2
-0.048001355316955596,0.9015451073646545,0.0003,3468,307200,0.02304821,0.18251953125,150,1490,0.8838468,88,370.23064813613894,-22.306032913923264,72.59,98.45543670654297,370.26920680999996,0.2
-0.04985868440417107,0.8954363465309143,0.0003,3732,327680,0.029243043,0.208154296875,160,1590,0.86123884,87,383.34435119628904,-22.18236812353134,75.24,95.2778549194336,378.72810356,0.2
-0.053085185261443256,0.8916235566139221,0.0003,3991,348160,0.0317232,0.2443359375,170,1690,0.90985703,87,287.02208960056305,-22.091859251260757,76.47,74.44801330566406,386.23621659,0.2
-0.05569040605332702,0.8861454725265503,0.0003,4246,368640,0.03624981,0.249658203125,180,1790,0.8972139,86,295.06566336154935,-21.987870585918426,74.46,118.16197967529297,378.8820440200001,0.2
-0.05445546639093664,0.8789976835250854,0.0003,4486,389120,0.032420114,0.237646484375,190,1890,0.9129343,86,292.6289192199707,-21.848613196611403,74.29,60.162479400634766,373.57021283999995,0.2
-0.059492185205454004,0.8741459846496582,0.0003,22441,409600,0.04243215,0.286328125,200,1990,0.9162819,18,244.48453063964843,-21.740762293338776,77.04,104.53192138671875,387.01934466,0.2
-0.04846417023509275,0.8672781586647034,0.0003,22567,430080,0.03855016,0.242578125,210,2090,0.87638456,19,342.9640528678894,-21.60387929081917,79.48,154.5762481689453,397.7362778000001,0.2
-0.056424521829467264,0.8660785555839539,0.0003,22698,450560,0.04260453,0.255419921875,220,2190,0.91456926,19,271.22031862735747,-21.56691306233406,78.61,110.65303802490234,398.38153474,0.2
-0.05546232893830165,0.8587329983711243,0.0003,22835,471040,0.03970319,0.2564453125,230,2290,0.9157079,20,299.71510300636294,-21.42515159249306,80.16,86.98291015625,405.9471797099999,0.2
-0.06023609764815774,0.8542668223381042,0.0003,22966,491520,0.045654424,0.298974609375,240,2390,0.92625755,21,239.61839468479155,-21.318312650918962,76.76,62.363037109375,389.5080050600001,0.2
-0.057734443432127594,0.8503708839416504,0.0003,23096,512000,0.05508326,0.331591796875,250,2490,0.92600834,22,207.75174536705018,-21.22575911283493,76.93,82.74021911621094,395.00957861999996,0.2
-0.060527572222054,0.8471482992172241,0.0003,23224,532480,0.04260692,0.27724609375,260,2590,0.910454,22,318.23927035331724,-21.17108620405197,81.85,86.0291519165039,416.35449718999996,0.2
-0.056956450614961796,0.8349009156227112,0.0003,23350,552960,0.04770913,0.2892578125,270,2690,0.9193129,23,267.7033855199814,-20.93389210700989,79.51,94.97250366210938,403.55682352,0.2
-0.059548675880068916,0.8259276151657104,0.0003,23480,573440,0.04650756,0.307958984375,280,2790,0.91223353,24,297.50577065944674,-20.76128153204918,79.79,118.73477935791016,406.3925535,0.2
-0.05880997542990372,0.8188675045967102,0.0003,23612,593920,0.054073665,0.29853515625,290,2890,0.9226275,25,268.8856162786484,-20.605610382556915,82.13,89.62660217285156,418.2297421100001,0.2
-0.05764114995545242,0.8143483400344849,0.0003,23740,614400,0.051298022,0.301806640625,300,2990,0.9275956,25,261.8013701438904,-20.497474789619446,79.92,102.30888366699219,407.88410855,0.2
-0.05896031463926192,0.8061161041259766,0.0003,23863,634880,0.05239749,0.312158203125,310,3090,0.9223144,26,249.9590634584427,-20.3186355471611,81.06,85.5071792602539,413.67840619000003,0.2
-0.055833355290815234,0.7988009452819824,0.0003,23990,655360,0.05901498,0.30439453125,320,3190,0.9093845,27,347.7824028253555,-20.161820030212404,84.73,142.5703125,425.7131081700001,0.2
-0.057475712051382286,0.7965878844261169,0.0003,24118,675840,0.05768116,0.332666015625,330,3290,0.93351156,28,258.08255593776704,-20.111216604709625,82.95,84.01309204101562,418.64198196000007,0.2
-0.05603447153407615,0.7904727458953857,0.0003,24251,696320,0.05317534,0.30771484375,340,3390,0.91484725,28,308.36673655509946,-19.98115662932396,83.39,98.90287780761719,428.99370436000004,0.2
-0.05866915708174929,0.7824841141700745,0.0003,24377,716800,0.062420044,0.34375,350,3490,0.9382334,29,231.55247712135315,-19.794177263975143,82.71,102.85614013671875,422.56426229,0.2
-0.062236324965488164,0.7748534083366394,0.0003,24505,737280,0.07888805,0.4154296875,360,3590,0.9477942,30,170.72107486724855,-19.625934422016144,77.25,46.11642074584961,390.99665369999997,0.2
-0.05955719698977191,0.767651379108429,0.0003,24635,757760,0.06860088,0.362451171875,370,3690,0.9211687,30,235.2950880765915,-19.44742037653923,80.13,101.54102325439453,408.7066485700001,0.2
-0.05576915502315387,0.7621996402740479,0.0003,24764,778240,0.06993736,0.357373046875,380,3790,0.9302361,31,259.9693361282349,-19.315043938159942,84.47,95.65198516845703,431.31482699000003,0.2
-0.06075927540077828,0.756594181060791,0.0003,24892,798720,0.07405937,0.35244140625,390,3890,0.93330294,32,253.2283412218094,-19.17818903326988,82.4,114.24503326416016,423.27672307,0.2
-0.056445908287423664,0.7500963807106018,0.0003,25020,819200,0.06396,0.33349609375,400,3990,0.92207867,32,285.6353456735611,-19.03460236787796,87.52,62.823768615722656,451.1785656300001,0.2
-0.05614948028814979,0.7481716871261597,0.0003,25153,839680,0.07117973,0.3419921875,410,4090,0.93913287,33,249.87111456394194,-18.976417058706282,82.78,88.12046813964844,428.00448798,0.2
-0.05983766989374999,0.7434987425804138,0.0003,25282,860160,0.069793046,0.36748046875,420,4190,0.93159723,34,273.89086117744444,-18.869508361816408,86.83,76.32081604003906,445.15251932,0.2
-0.05615771012380719,0.7364828586578369,0.0003,25409,880640,0.076493874,0.385009765625,430,4290,0.939224,34,234.23486816883087,-18.704784548282625,86.63,74.43889617919922,442.0924646599999,0.2
-0.061468720762059094,0.7330403923988342,0.0003,25536,901120,0.08385231,0.3939453125,440,4390,0.92899257,35,280.52368557453156,-18.593404573202132,86.13,112.79129791259766,442.4683337000001,0.2
-0.06259705559059511,0.7274995446205139,0.0003,25666,921600,0.08967218,0.4115234375,450,4490,0.9339121,35,212.82184562683105,-18.481868129968642,85.46,75.93451690673828,445.34744424999997,0.2
-0.05910842945741024,0.7224729061126709,0.0003,25795,942080,0.10054674,0.404150390625,460,4590,0.94371176,36,247.19945681095123,-18.34765115380287,84.07,84.16429138183594,435.93461792,0.2
-0.05825159484520555,0.7172764539718628,0.0003,25925,962560,0.09073718,0.3953125,470,4690,0.9222944,37,259.3860176086426,-18.231242895126343,86.25,75.17963409423828,442.4238264999999,0.2
-0.06164314212510362,0.71421217918396,0.0003,30601,983040,0.08614717,0.415673828125,480,4790,0.9268954,32,284.0728470802307,-18.139703154563904,85.37,124.91572570800781,434.50244232000006,0.2
-0.050626269841450265,0.7123576998710632,0.0003,30681,1003520,0.1040183,0.381884765625,490,4890,0.89945227,32,359.99888637065885,-18.084558975696563,89.44,112.99533081054688,461.45657603,0.2
-0.05601778876152821,0.7105411887168884,0.0003,30758,1024000,0.10060084,0.412255859375,500,4990,0.9382663,33,254.8799829006195,-18.02442846894264,90.18,105.53945922851562,465.42112059,0.2
-0.05769065015192609,0.7040997743606567,0.0003,30836,1044480,0.098762214,0.37060546875,510,5090,0.9275591,33,291.56025826931,-17.870654672384262,86.1,79.86644744873047,447.40825001999997,0.2
-0.05851160049205646,0.6972637176513672,0.0003,30914,1064960,0.10004181,0.411865234375,520,5190,0.9467414,34,216.73504455089568,-17.714178216457366,89.16,59.18682098388672,459.32939694,0.2
-0.05879260627552867,0.6927262544631958,0.0003,30992,1085440,0.084850885,0.374853515625,530,5290,0.9220923,35,348.9376965999603,-17.58473379611969,89.46,106.25335693359375,465.6612501099999,0.2
-0.053563297510845584,0.6867833733558655,0.0003,31067,1105920,0.12656964,0.44658203125,540,5390,0.92840695,35,249.7266257286072,-17.410354804992675,90.4,69.5508041381836,466.61502855000003,0.2
-0.05792632993543521,0.6793744564056396,0.0003,31142,1126400,0.1223547,0.428369140625,550,5490,0.93123806,36,283.36475882530215,-17.219978195428848,85.52,69.76671600341797,446.15666933999995,0.2
-0.05129580509383232,0.6734570860862732,0.0003,31218,1146880,0.1128172,0.423046875,560,5590,0.93718934,36,257.2455795288086,-17.04934157729149,88.68,66.24116516113281,466.9534413999999,0.2
-0.05748419004958123,0.6670975685119629,0.0003,31294,1167360,0.11209963,0.409765625,570,5690,0.89642453,37,362.44145064353944,-16.866879957914353,89.7,150.28811645507812,467.87525114000005,0.2
-0.05513160848349798,0.6626608371734619,0.0003,31370,1187840,0.14504564,0.4701171875,580,5790,0.9326133,37,266.44380197525027,-16.750307667255402,89.71,101.6662826538086,467.68639944999995,0.2
-0.05666479651990812,0.6588818430900574,0.0003,31447,1208320,0.12595269,0.446728515625,590,5890,0.92928845,38,333.4955759048462,-16.63798399567604,91.39,105.08501434326172,477.62929105,0.2
-0.05408469765970949,0.657323956489563,0.0003,31523,1228800,0.12452519,0.454931640625,600,5990,0.9407126,38,261.3160547733307,-16.598078858852386,89.07,71.00077056884766,468.98187020999995,0.2
-0.059170985838864,0.6556441783905029,0.0003,31599,1249280,0.12488301,0.43232421875,610,6090,0.9320957,39,336.95750398635863,-16.53681543469429,89.78,123.58287811279297,472.14077199,0.2
-0.05729968259693123,0.6485986113548279,0.0003,31677,1269760,0.11550361,0.43037109375,620,6190,0.92427397,40,282.74186434745786,-16.369763451814652,87.05,128.30003356933594,458.97660364,0.2
-0.04865323562116828,0.6458108425140381,0.0003,31753,1290240,0.13224056,0.41708984375,630,6290,0.91684514,40,401.5232907295227,-16.266124379634856,94.98,190.56088256835938,496.6942637,0.2
-0.049532055330928415,0.6453443169593811,0.0003,31831,1310720,0.17769668,0.453857421875,640,6390,0.9333204,41,294.4372356414795,-16.223418271541597,92.35,279.3027648925781,480.2609663700001,0.2
-0.0545286173466593,0.6424998641014099,0.0003,31909,1331200,0.14588194,0.469775390625,650,6490,0.94695246,41,240.42035036087037,-16.136664623022078,96.01,109.5430908203125,497.4770636899999,0.2
-0.05228898558707442,0.6353745460510254,0.0003,31989,1351680,0.1471915,0.4248046875,660,6590,0.9234034,42,351.90943415164946,-15.977347347140313,92.59,101.62467193603516,484.32344888999995,0.2
-0.04418247162248008,0.633306622505188,0.0003,32069,1372160,0.21980044,0.4822265625,670,6690,0.9357259,42,261.30527687072754,-15.89489433169365,94.48,56.59836959838867,494.95940743,0.2
-0.03569892216764856,0.6284930109977722,0.0003,32150,1392640,0.20302403,0.483837890625,680,6790,0.9128231,43,359.8980021953583,-15.782049497961998,94.19,83.53266143798828,493.13247696999997,0.2
-0.05234033366723452,0.6251239776611328,0.0003,32228,1413120,0.13399637,0.44560546875,690,6890,0.9351316,43,272.2707938671112,-15.664719903469086,99.16,94.37615966796875,521.8773254900001,0.2
-0.050983035971876235,0.6197742223739624,0.0003,32306,1433600,0.12956658,0.436376953125,700,6990,0.93462336,44,328.24418618679044,-15.529038527607918,93.38,112.36824798583984,490.1541225000001,0.2
-0.0571000467549311,0.6175180077552795,0.0003,32387,1454080,0.12982076,0.442578125,710,7090,0.92108595,44,374.2301593542099,-15.445404747128487,95.57,155.48265075683594,501.78610639999994,0.2
-0.05001333283580607,0.6134870052337646,0.0003,32466,1474560,0.15695077,0.4330078125,720,7190,0.9284396,45,346.84114475250243,-15.321965128183365,92.68,138.19232177734375,484.91036404000005,0.2
-0.0472645647241734,0.6127809882164001,0.0003,32545,1495040,0.1478413,0.42197265625,730,7290,0.9096624,45,440.50702037811277,-15.29836085140705,93.66,125.72249603271484,491.4771668800001,0.2
-0.041744616867799775,0.6116500496864319,0.0003,32625,1515520,0.19880481,0.481591796875,740,7390,0.94196,46,291.49226412773135,-15.24243492782116,95.2,66.1966781616211,505.49371270000006,0.2
-0.04827378480986226,0.6080009341239929,0.0003,32703,1536000,0.19525796,0.469384765625,750,7490,0.93257236,46,312.5978865146637,-15.142444092035294,97.18,139.90478515625,510.80297999999993,0.2
-0.04321547567087691,0.6041781306266785,0.0003,32783,1556480,0.211667,0.501513671875,760,7590,0.9308297,47,339.24784007072446,-15.039033356308938,98.47,81.21876525878906,519.4244467,0.2
-0.05041711258818395,0.6018545627593994,0.0003,32866,1576960,0.12338978,0.43427734375,770,7690,0.92566586,47,372.27991790771483,-14.975354480743409,98.81,127.50912475585938,514.43763398,0.2
-0.040181737480452284,0.5978167057037354,0.0003,32949,1597440,0.25321078,0.481884765625,780,7790,0.9262612,48,298.80874118804934,-14.852649766206742,97.45,85.02035522460938,512.4649840499999,0.2
-0.04392217442509718,0.5946481823921204,0.0003,33031,1617920,0.15528765,0.448486328125,790,7890,0.9039299,48,412.8205888271332,-14.743821296095849,95.91,105.9273910522461,502.25011495000007,0.2
-0.04533447837457061,0.5960087776184082,0.0003,33113,1638400,0.26720765,0.472265625,800,7990,0.93442786,49,340.666302895546,-14.744246619939805,103.64,108.45856475830078,543.0723636299999,0.2
-0.04483221836562734,0.5920536518096924,0.0003,33195,1658880,0.15469483,0.433740234375,810,8090,0.9302599,49,337.36199083328245,-14.639018493890763,98.02,119.31009674072266,515.6165683700001,0.2
-0.048508300285902806,0.5893744826316833,0.0003,33278,1679360,0.17075203,0.465869140625,820,8190,0.94144225,50,298.55431151390076,-14.530020466446876,100.16,110.81221008300781,526.7971796400001,0.2
-0.048464181361487134,0.587731659412384,0.0003,33360,1699840,0.17664883,0.48349609375,830,8290,0.9339885,50,321.53349206447604,-14.474460738897324,102.68,118.83875274658203,538.8580513200001,0.2
-0.04696156914578751,0.5858728885650635,0.0003,33440,1720320,0.1978004,0.50322265625,840,8390,0.95398027,51,241.42863960266112,-14.397476944327355,100.16,73.35562133789062,524.77148037,0.2
-0.032855740864761174,0.5835610032081604,0.0003,33521,1740800,0.2212604,0.48994140625,850,8490,0.930681,51,324.1355500936508,-14.326529461145402,106.57,71.68782806396484,557.29817819,0.2
-0.04894644690502901,0.5831434726715088,0.0003,33604,1761280,0.1772848,0.470556640625,860,8590,0.9249814,52,364.2101828575134,-14.278835415840149,97.6,121.65836334228516,514.2157365600001,0.2
-0.0341496569220908,0.57932448387146,0.0003,33686,1781760,0.20543224,0.45537109375,870,8690,0.9245029,52,377.7095934867859,-14.16760892868042,105.67,87.5193862915039,555.8377108399999,0.2
-0.03672041067329701,0.5752280950546265,0.0003,33764,1802240,0.22004399,0.461962890625,880,8790,0.934346,53,322.5944576740265,-14.052898699045182,104.05,108.41398620605469,547.4446863200001,0.2
-0.04593974982271902,0.5741980075836182,0.0003,33844,1822720,0.17734692,0.45224609375,890,8890,0.90989035,53,411.524839925766,-13.983765283226967,98.83,161.33128356933594,516.89526117,0.2
-0.05034434912668075,0.5703595280647278,0.0003,33925,1843200,0.15738374,0.469970703125,900,8990,0.92466027,54,374.93541865348817,-13.87257938683033,104.1,97.92829132080078,546.5523754000001,0.2
-0.04473988644313067,0.5676317811012268,0.0003,34007,1863680,0.22179264,0.471826171875,910,9090,0.93820316,54,363.0513536453247,-13.80189103782177,102.01,118.503662109375,537.83209592,0.2
-0.02908481367630884,0.5651018619537354,0.0003,34088,1884160,0.28782967,0.51259765625,920,9190,0.92975396,55,360.4006680488586,-13.713789522647858,99.82,113.7113265991211,528.17645379,0.2
-0.045175691365147944,0.5637558698654175,0.0003,34166,1904640,0.22002113,0.460546875,930,9290,0.9198385,55,376.40371189117434,-13.641659626364708,102.62,123.86812591552734,544.31057786,0.2
-0.04335240896907635,0.5609566569328308,0.0003,34245,1925120,0.26298815,0.500244140625,940,9390,0.9407925,56,294.80215764045715,-13.551678463816643,103.37,139.59222412109375,553.3970322299999,0.2
-0.04644010539195733,0.5584737062454224,0.0003,34326,1945600,0.23102546,0.49384765625,950,9490,0.9394689,56,333.8733383178711,-13.44312289059162,106.48,134.00694274902344,566.57587401,0.2
-0.04537840645061806,0.5555844306945801,0.0003,34407,1966080,0.2001954,0.487890625,960,9590,0.93099624,57,372.5289590358734,-13.338398286700249,107.96,155.69810485839844,571.56027253,0.2
-0.03739453975285869,0.5519883632659912,0.0003,34491,1986560,0.30186358,0.54140625,970,9690,0.93892926,57,286.1004235267639,-13.22547987997532,109.8,101.04452514648438,587.32522665,0.2
-0.04063312345533632,0.5487571954727173,0.0003,34574,2007040,0.21555609,0.46728515625,980,9790,0.91314703,58,431.6205565929413,-13.13320420384407,107.25,134.20358276367188,573.26761588,0.2
-0.049854324280750005,0.545047402381897,0.0003,34658,2027520,0.13237622,0.4056640625,990,9890,0.9163986,58,439.9333295345306,-13.017635232210159,106.57,290.5174560546875,567.91663998,0.2
-0.04790298570878804,0.5426264405250549,0.0003,34740,2048000,0.18749467,0.451171875,1000,9990,0.92088604,58,385.8937908887863,-12.930160820484161,107.89,111.37701416015625,580.3104164,0.2
-0.03427589300263208,0.5402867794036865,0.0003,34821,2068480,0.27748135,0.50244140625,1010,10090,0.9432245,59,298.9620653629303,-12.82728565633297,104.63,90.50674438476562,559.57101541,0.2
-0.0405745554540772,0.5388830900192261,0.0003,34902,2088960,0.26268396,0.478759765625,1020,10190,0.93869734,59,287.19733855724337,-12.77753019630909,109.5,97.81122589111328,583.4033583500001,0.2
-0.04346325815131422,0.5374487638473511,0.0003,34984,2109440,0.19360325,0.452294921875,1030,10290,0.93506396,60,385.1496070861816,-12.728058701753616,107.36,110.90821838378906,572.2443794400001,0.2
-0.028965606799465603,0.5370339751243591,0.0003,35065,2129920,0.3596592,0.54091796875,1040,10390,0.9357424,60,262.9723028421402,-12.739313709735871,107.49,83.7242431640625,573.27584877,0.2
-0.04163254434242845,0.535076379776001,0.0003,35145,2150400,0.26128143,0.447802734375,1050,10490,0.9215045,61,408.8890086650848,-12.646036410331726,105.33,125.24150085449219,557.4746445800001,0.2
-0.051227400440257045,0.533288300037384,0.0003,35225,2170880,0.17439328,0.450439453125,1060,10590,0.9427826,61,307.9364348888397,-12.59201568365097,106.88,85.49653625488281,570.1598469099999,0.2
-0.03600161303183995,0.5323408246040344,0.0003,35305,2191360,0.27796128,0.502197265625,1070,10690,0.9400679,62,302.86513967514037,-12.547887146472931,107.95,101.08987426757812,578.24019215,0.2
-0.03179575051181018,0.5310569405555725,0.0003,35386,2211840,0.312674,0.5291015625,1080,10790,0.94459915,62,268.2790901422501,-12.485081818699836,108.02,117.78336334228516,575.8092688,0.2
-0.0519829089025734,0.5304264426231384,0.0003,35467,2232320,0.14696757,0.4302734375,1090,10890,0.91520846,62,448.445782995224,-12.467384311556817,107.7,174.21327209472656,571.8612313899998,0.2
-0.0403127892233897,0.5286473631858826,0.0003,35544,2252800,0.26345864,0.513818359375,1100,10990,0.92728454,63,327.49976201057433,-12.378290751576424,110.07,94.94267272949219,587.26846775,0.2
-0.03818931915157009,0.5293481349945068,0.0003,35621,2273280,0.27138007,0.46533203125,1110,11090,0.94579905,63,342.2620611190796,-12.380759820342064,114.58,79.70516967773438,612.19995122,0.2
-0.04284978720534127,0.5260744690895081,0.0003,35697,2293760,0.2115034,0.456787109375,1120,11190,0.9261129,64,444.54422640800476,-12.259193328022956,107.83,177.50294494628906,577.4715624300001,0.2
-0.008594382856972515,0.5231548547744751,0.0003,35774,2314240,0.39585263,0.5794921875,1130,11290,0.94540113,64,307.8768037557602,-12.166733708977699,109.78,56.499698638916016,592.3734427400001,0.2
-0.04035546110535506,0.5196986794471741,0.0003,35853,2334720,0.24270543,0.467626953125,1140,11390,0.94417316,65,319.2564351081848,-12.087543204426765,112.26,81.69136047363281,598.21645892,0.2
-0.04660026010533329,0.5189228057861328,0.0003,35929,2355200,0.21039239,0.4740234375,1150,11490,0.9347416,65,329.58412685394285,-12.03577489554882,110.66,138.87847900390625,593.4051847300001,0.2
-0.03020842089317739,0.5171585083007812,0.0003,36009,2375680,0.19481967,0.479541015625,1160,11590,0.9349439,65,395.37704410552976,-11.96244444847107,112.58,183.5047149658203,600.58830767,0.2
-0.03702073426102288,0.515497624874115,0.0003,36092,2396160,0.24576795,0.499267578125,1170,11690,0.956141,66,269.02312722206113,-11.936114579439163,114.16,119.65548706054688,614.97874106,0.2
-0.05556304077908862,0.513702392578125,0.0003,36176,2416640,0.19731379,0.466748046875,1180,11790,0.93447816,66,383.8682026386261,-11.87694010734558,117.15,175.1609344482422,624.4099509,0.2
-0.03651141068257857,0.5129361152648926,0.0003,36259,2437120,0.2805612,0.503271484375,1190,11890,0.9380247,67,359.03188264369965,-11.834611082077027,111.97,96.21469116210938,599.4442631500001,0.2
-0.040856036666082216,0.5110320448875427,0.0003,36342,2457600,0.2529636,0.489697265625,1200,11990,0.9428206,67,359.5267493724823,-11.782773244380952,109.3,94.73199462890625,593.6963355,0.2
-0.03384889639273751,0.5080695748329163,0.0003,36424,2478080,0.30400062,0.505078125,1210,12090,0.9248172,68,363.95355343818665,-11.660006061196327,105.09,70.13680267333984,566.0521655099999,0.2
-0.022092777752550318,0.5042842626571655,0.0003,36509,2498560,0.6687642,0.525732421875,1220,12190,0.93728167,68,301.2259064912796,-11.530053061246871,102.96,81.92327117919922,557.03948332,0.2
-0.029635931382654235,0.5027925372123718,0.0003,36589,2519040,0.36542237,0.5466796875,1230,12290,0.9460375,68,278.6718250989914,-11.448823827505112,115.89,108.14070892333984,620.7530264,0.2
0.009922876456403173,0.501973569393158,0.0003,36668,2539520,0.48461366,0.617236328125,1240,12390,0.92806804,69,372.8737313747406,-11.405632892251015,115.12,106.79234313964844,616.51624273,0.2
-0.04990707931865472,0.49822595715522766,0.0003,36748,2560000,0.24547043,0.505615234375,1250,12490,0.9276299,69,338.0249923467636,-11.26564772427082,113.69,76.5232162475586,606.4820660700001,0.2
-0.04634009020810481,0.49431508779525757,0.0003,36829,2580480,0.3163136,0.502978515625,1260,12590,0.951578,70,268.8023058891296,-11.136120533943176,112.2,85.9457778930664,598.81259619,0.2
-0.04574234874453396,0.4928979277610779,0.0003,36907,2600960,0.19725615,0.447216796875,1270,12690,0.93366724,70,397.949001789093,-11.06954550743103,114.3,95.0945816040039,613.30235815,0.2
-0.028774717534543016,0.49093177914619446,0.0003,36988,2621440,0.40673164,0.522607421875,1280,12790,0.9443333,70,331.2810814619064,-10.990768668055534,113.43,115.04879760742188,613.89978909,0.2
-0.0436991378897801,0.48874136805534363,0.0003,37069,2641920,0.37616894,0.53447265625,1290,12890,0.9467473,71,290.5908938407898,-10.911487340927124,116.3,126.51287841796875,626.93953685,0.2
-0.02834172150469385,0.48646894097328186,0.0003,37150,2662400,0.38247773,0.508642578125,1300,12990,0.9368036,71,345.3939042806625,-10.84068985581398,116.21,115.16676330566406,623.72445013,0.2
-0.037776436630520036,0.48533377051353455,0.0003,37231,2682880,0.2193254,0.4716796875,1310,13090,0.92864543,72,347.34415736198423,-10.790295547246933,113.26,128.09255981445312,605.91249192,0.2
-0.035483318319893445,0.4832957684993744,0.0003,37313,2703360,0.8295909,0.511767578125,1320,13190,0.95228976,72,284.9167870521545,-10.713295310735703,118.36,92.57548522949219,630.95882042,0.2
-0.017990997454035096,0.484645277261734,0.0003,37395,2723840,0.5444597,0.544873046875,1330,13290,0.93981105,72,302.929078912735,-10.750313737988472,117.31,74.03077697753906,622.35990278,0.2
-0.03359494963951874,0.4822644591331482,0.0003,37479,2744320,0.41688883,0.51640625,1340,13390,0.9424522,73,290.6954285621643,-10.6732561647892,115.24,84.55377197265625,608.3295948800002,0.2
-0.040624295122688635,0.47942161560058594,0.0003,37563,2764800,0.4143381,0.5150390625,1350,13490,0.9507177,73,277.50589044094085,-10.570410805940629,115.71,100.22306823730469,615.78307322,0.2
-0.03549612050119322,0.4777815341949463,0.0003,37646,2785280,0.2820645,0.479833984375,1360,13590,0.9368136,73,400.0225254058838,-10.508157423138618,125.36,131.07081604003906,664.00657411,0.2
-0.03551489209930878,0.476103276014328,0.0003,37727,2805760,0.18597944,0.452001953125,1370,13690,0.9344685,74,381.1009630680084,-10.441636165976524,118.44,137.544677734375,626.8245188399999,0.2
-0.025042090204078705,0.47383803129196167,0.0003,37808,2826240,0.44693765,0.545263671875,1380,13790,0.95871305,74,245.7362132549286,-10.356749773025513,118.11,64.68145751953125,630.31744361,0.2
-0.0235387722030282,0.47291094064712524,0.0003,37891,2846720,0.43508542,0.5330078125,1390,13890,0.95626575,75,290.7912425518036,-10.270079174637795,121.72,128.67539978027344,657.2139846200001,0.2
-0.020111811259994283,0.4700724184513092,0.0003,37974,2867200,0.41595548,0.52548828125,1400,13990,0.9451248,75,324.0235869884491,-10.184408110380172,120.42,128.40386962890625,646.46995096,0.2
-0.0070255897560855375,0.468185156583786,0.0003,38056,2887680,0.56379735,0.576318359375,1410,14090,0.9510877,75,246.58497102260588,-10.094160616397858,121.34,64.33172607421875,653.06818936,0.2
-0.017826089035952463,0.4659768342971802,0.0003,38139,2908160,0.42717493,0.547900390625,1420,14190,0.95131004,76,246.67443280220033,-10.034680882096291,115.31,58.35965347290039,615.76732911,0.2
-0.028336179890902712,0.4650956392288208,0.0003,38222,2928640,0.4573999,0.5640625,1430,14290,0.96698546,76,197.8614661693573,-9.987179002165794,121.17,70.47067260742188,645.51978856,0.2
-0.011325585667509585,0.4648435413837433,0.0003,38304,2949120,0.5739794,0.58369140625,1440,14390,0.9573027,76,267.5040004491806,-9.989564165472984,120.99,120.90843200683594,645.00731958,0.2
-0.027203044382622464,0.4621608555316925,0.0003,38383,2969600,0.35451648,0.551708984375,1450,14490,0.94610786,77,299.6142413139343,-9.896118488907813,122.13,105.57171630859375,656.2619307800001,0.2
-0.03781934984435793,0.46191316843032837,0.0003,38463,2990080,0.25835535,0.478271484375,1460,14590,0.93997765,77,314.149845790863,-9.856584438681603,120.37,111.14603424072266,645.1944996100001,0.2
-0.03702642478165217,0.45954716205596924,0.0003,38545,3010560,0.42158478,0.529443359375,1470,14690,0.9624287,78,230.69142229557036,-9.76238571703434,115.71,54.181514739990234,629.10340602,0.2
-0.035503543840604834,0.4590596556663513,0.0003,38625,3031040,0.4024097,0.52109375,1480,14790,0.9532406,78,285.6370824337006,-9.722673964500427,117.72,117.46534729003906,633.40657665,0.2
-0.02443972576293163,0.4566139280796051,0.0003,38706,3051520,0.3554728,0.52158203125,1490,14890,0.9284823,78,334.9881854057312,-9.636925274133683,121.22,84.8366928100586,654.5797245300001,0.2
-0.026314872369403018,0.45306721329689026,0.0003,38786,3072000,0.49928162,0.569677734375,1500,14990,0.9621409,79,214.35708708763121,-9.510662204027176,117.92,92.29169464111328,634.14754494,0.2
-0.03839621152728796,0.45120126008987427,0.0003,38867,3092480,0.44063324,0.562255859375,1510,15090,0.9598651,79,217.69028618335724,-9.426712885499,114.9,76.19207763671875,622.61473733,0.2
0.0021775173459900542,0.44964465498924255,0.0003,38949,3112960,0.5607637,0.59521484375,1520,15190,0.94437015,79,314.1030442476273,-9.335510417819023,121.0,135.0631561279297,651.18023276,0.2
-0.04031242617056705,0.45042967796325684,0.0003,39032,3133440,0.37473953,0.53671875,1530,15290,0.9426609,80,296.3534560203552,-9.360048738121986,113.12,78.80170440673828,610.84125859,0.2
-0.037038879349711354,0.4498956799507141,0.0003,39112,3153920,0.39790285,0.487451171875,1540,15390,0.92411625,80,395.97453050613404,-9.31283514201641,116.51,158.12051391601562,628.88878373,0.2
-0.031030204513808713,0.4484536051750183,0.0003,39195,3174400,0.33964974,0.51494140625,1550,15490,0.92922616,80,371.19533796310424,-9.256080108880997,119.98,164.62619018554688,643.2368426600001,0.2
-0.032003206221270376,0.4472699463367462,0.0003,39279,3194880,0.65059245,0.538623046875,1560,15590,0.94619405,81,300.8105589389801,-9.204396805167198,116.92,86.08644104003906,626.11879145,0.2
-0.03024696187057998,0.44501665234565735,0.0003,39361,3215360,0.48112315,0.533251953125,1570,15690,0.95401204,81,282.28160123825074,-9.092553475499153,118.53,109.70262145996094,631.1035405800001,0.2
-0.031254247299511914,0.44429144263267517,0.0003,39443,3235840,0.77933073,0.544287109375,1580,15790,0.95835596,82,264.83675022125243,-9.068736359477043,115.69,93.91531372070312,614.70465558,0.2
-0.03550371118180919,0.44242459535598755,0.0003,39525,3256320,0.41781747,0.547265625,1590,15890,0.9532421,82,256.7139404058456,-9.024773287773133,114.72,78.64924621582031,611.16304984,0.2
-0.02373103756690398,0.4403771758079529,0.0003,39608,3276800,0.6023936,0.54033203125,1600,15990,0.950437,82,261.95264596939086,-8.93753359913826,113.67,76.09160614013672,609.08313022,0.2
-0.029471492522861808,0.4396757185459137,0.0003,39693,3297280,0.5634892,0.505322265625,1610,16090,0.92336965,83,345.9410682439804,-8.905612963438035,115.16,90.25053405761719,619.38397617,0.2
-0.024381683664978483,0.44037219882011414,0.0003,39776,3317760,0.48889893,0.566845703125,1620,16190,0.95377725,83,238.4145145177841,-8.933973413705825,117.2,47.300872802734375,631.79380133,0.2
-0.023051030046190135,0.43880563974380493,0.0003,39859,3338240,0.6381645,0.5693359375,1630,16290,0.94669104,83,324.8686849594116,-8.87673236131668,120.46,66.6543197631836,647.18411307,0.2
-0.012657373034744523,0.43731582164764404,0.0003,39942,3358720,0.9355712,0.60771484375,1640,16390,0.96189886,84,195.95794565677642,-8.810247698426247,118.92,70.94417572021484,642.2559831499999,0.2
-0.021918814931996166,0.43535077571868896,0.0003,40024,3379200,0.5644627,0.5638671875,1650,16490,0.9550469,84,275.91651954650877,-8.755453372001648,116.34,65.57752227783203,625.81719703,0.2
-0.028589174183434807,0.43641790747642517,0.0003,40111,3399680,0.45872727,0.50791015625,1660,16590,0.9432901,84,323.47249205112456,-8.813968604803085,119.95,86.31713104248047,643.0109809,0.2
-0.03008610043907538,0.43551427125930786,0.0003,40192,3420160,0.5238923,0.46630859375,1670,16690,0.89194506,85,504.8347987651825,-8.777812758088112,115.99,175.85293579101562,625.3375751600001,0.2
-0.02799833505996503,0.4352480471134186,0.0003,40274,3440640,0.7626623,0.51708984375,1680,16790,0.9277815,85,374.20050439834597,-8.75422115623951,118.68,96.69969177246094,637.03846547,0.2
-0.028255531459581106,0.4333638548851013,0.0003,40357,3461120,0.43974143,0.509912109375,1690,16890,0.94570565,85,331.13440120220184,-8.69668823480606,120.57,110.96662139892578,649.77001188,0.2
-0.029888725222554056,0.4309542775154114,0.0003,40442,3481600,0.4405521,0.517333984375,1700,16990,0.9352989,86,309.58790905475615,-8.622992128133774,119.6,94.36446380615234,640.62588231,0.2
-0.03191284888598602,0.4301098585128784,0.0003,40526,3502080,0.46104762,0.50654296875,1710,17090,0.9526656,86,270.64449191093445,-8.550418362021446,118.69,96.3319320678711,639.6022173,0.2
-0.03531792936846614,0.42934826016426086,0.0003,40607,3522560,0.43435115,0.531787109375,1720,17190,0.94689137,86,345.2369491100311,-8.504955226182938,118.8,83.64893341064453,636.19976291,0.2
-0.039019029322662394,0.4282420873641968,0.0003,40688,3543040,0.74299175,0.5517578125,1730,17290,0.95581454,87,270.9019156694412,-8.464375835657119,116.61,121.69970703125,616.85083145,0.2
-0.033927345991833134,0.42702656984329224,0.0003,40771,3563520,0.46388626,0.518798828125,1740,17390,0.9458801,87,292.85689747333527,-8.417590990662575,118.97,83.98835754394531,632.5919321399999,0.2
-0.023923220188589767,0.42588257789611816,0.0003,40854,3584000,4.223846,0.577587890625,1750,17490,0.9504087,87,250.9469967842102,-8.371511608362198,116.38,71.80509948730469,616.3966507900001,0.2
-0.01864765254140366,0.4240882992744446,0.0003,40936,3604480,0.5896876,0.534716796875,1760,17590,0.93423873,88,339.98401374816893,-8.288251891732216,115.21,107.862060546875,614.634836,0.2
-0.035269699973287064,0.42346757650375366,0.0003,41019,3624960,0.49546137,0.5154296875,1770,17690,0.9534314,88,270.5488202810287,-8.258357557654382,119.19,54.45502853393555,638.08679132,0.2
-0.030597499883151615,0.4227544367313385,0.0003,41102,3645440,0.58021206,0.51845703125,1780,17790,0.94549906,88,305.4349770307541,-8.22070208787918,116.75,80.45584869384766,624.2595887800002,0.2
-0.0296074187674094,0.4216056764125824,0.0003,41186,3665920,0.5137048,0.48330078125,1790,17890,0.9460539,89,280.58205742836,-8.208949536085129,118.7,73.46088409423828,636.49379641,0.2
-0.022597637277795003,0.4202839434146881,0.0003,41267,3686400,0.7621602,0.55830078125,1800,17990,0.95794517,89,241.22060403823852,-8.155666229128837,119.92,99.11814880371094,644.9721638599999,0.2
-0.03500837541650981,0.4196397364139557,0.0003,41350,3706880,0.44557884,0.503076171875,1810,18090,0.94803387,89,324.72508387565614,-8.145892304182052,122.64,87.0665283203125,658.2018260699999,0.2
-0.019971218147838955,0.4183212220668793,0.0003,41434,3727360,0.7054357,0.551904296875,1820,18190,0.9525841,89,259.16705844402316,-8.087331882119178,119.07,56.58189392089844,637.4592911000001,0.2
-0.023795872161281297,0.41774630546569824,0.0003,41520,3747840,0.5827429,0.547705078125,1830,18290,0.95750964,90,257.7662850141525,-8.051146617531776,114.89,99.41839599609375,607.86211626,0.2
-0.03364345379523002,0.4155014157295227,0.0003,41604,3768320,0.5568168,0.5626953125,1840,18390,0.955182,90,230.94316713809968,-7.942993414402008,113.21,105.17356872558594,598.42901869,0.2
-0.014400253690837417,0.4141680896282196,0.0003,41689,3788800,0.6410636,0.547265625,1850,18490,0.93964803,90,333.41674683094027,-7.8694524869322775,113.56,69.09880065917969,602.47722563,0.2
-0.030599948699818923,0.413247674703598,0.0003,41772,3809280,0.48603147,0.494091796875,1860,18590,0.91498804,91,434.9957610607147,-7.803338515758514,115.26,177.40052795410156,614.99207249,0.2
-0.023274652715190313,0.4116777777671814,0.0003,41859,3829760,0.67094463,0.591259765625,1870,18690,0.9524325,91,231.65867319107056,-7.745977166295051,115.72,63.8036994934082,610.2951916599999,0.2
-0.03868543721036986,0.41076210141181946,0.0003,41944,3850240,0.49299374,0.560107421875,1880,18790,0.9609971,91,235.54096932411193,-7.703424416482449,116.77,85.89044189453125,627.17021276,0.2
0.008641011116560548,0.41026854515075684,0.0003,42027,3870720,0.8808383,0.62333984375,1890,18890,0.9548517,92,244.42383551597595,-7.651276797056198,116.21,99.36433410644531,618.49639016,0.2
-0.025331670165178365,0.40941324830055237,0.0003,42110,3891200,0.6049509,0.552685546875,1900,18990,0.9487169,92,297.6396083831787,-7.62348527610302,115.63,92.33100128173828,617.3921927600001,0.2
-0.03108189509366639,0.40883463621139526,0.0003,42194,3911680,0.46411029,0.53662109375,1910,19090,0.956701,92,261.1585288286209,-7.619923157989978,113.7,92.70072174072266,608.1567113899999,0.2
-0.013990237406687811,0.40635421872138977,0.0003,42277,3932160,0.59545326,0.577783203125,1920,19190,0.95502466,93,235.51088061332703,-7.506750616431236,114.6,128.6588592529297,606.47660352,0.2
-0.008012552476429846,0.4043940007686615,0.0003,42357,3952640,1.0238502,0.6421875,1930,19290,0.9607271,93,208.35613369941711,-7.43660879433155,120.66,59.04813003540039,639.0728606,0.2
-0.02660591614549048,0.4040723741054535,0.0003,42437,3973120,0.82045054,0.55517578125,1940,19390,0.96121234,93,208.97746701240538,-7.427848511934281,118.62,80.60382080078125,634.7938314600001,0.2
-0.03219347599078901,0.40306052565574646,0.0003,42517,3993600,0.43129575,0.537109375,1950,19490,0.949776,93,274.11008961200713,-7.364661239087582,116.91,86.89766693115234,626.23263591,0.2
-0.02232835445611272,0.4013333022594452,0.0003,42601,4014080,0.637511,0.575732421875,1960,19590,0.9557493,94,226.7661785840988,-7.294861775636673,117.69,52.239784240722656,624.1358923,0.2
-0.01852023374522105,0.4006427824497223,0.0003,42683,4034560,0.65525496,0.51240234375,1970,19690,0.947945,94,315.47934024333955,-7.271313928067684,118.44,149.74131774902344,627.84411981,0.2
-0.020819459555787033,0.3998485803604126,0.0003,42764,4055040,0.7260369,0.555078125,1980,19790,0.9427344,94,273.3584173440933,-7.2684748589992525,121.73,81.01074981689453,647.2711194,0.2
-0.018818621351965704,0.3968907594680786,0.0003,42844,4075520,0.7442555,0.59404296875,1990,19890,0.9638343,95,207.8941837310791,-7.146034322679043,121.62,94.27298736572266,641.8921085799999,0.2
-0.026123397750779986,0.39759373664855957,0.0003,42926,4096000,0.5851338,0.57880859375,2000,19990,0.96531874,95,203.83655953407288,-7.163054835796356,117.36,68.68792724609375,619.7264512500001,0.2
-0.033594837095006366,0.396604061126709,0.0003,43007,4116480,0.49401012,0.56240234375,2010,20090,0.9630996,95,200.99372367858888,-7.1311410263180735,116.59,67.00467681884766,619.8637921799999,0.2
-0.018980861466843635,0.39536553621292114,0.0003,43089,4136960,0.6471032,0.56923828125,2020,20190,0.9540269,96,268.98685739040377,-7.086486476659775,113.39,73.22686004638672,601.9075902,0.2
-0.02224219120835187,0.3953259587287903,0.0003,43171,4157440,0.50327384,0.542919921875,2030,20290,0.95706147,96,252.78758885860444,-7.077935045957565,114.01,100.82273864746094,607.4084956600001,0.2
-0.015044719778234138,0.3948306441307068,0.0003,43252,4177920,0.69789577,0.569970703125,2040,20390,0.9542366,96,269.03563117980957,-7.067879641056061,114.15,79.61279296875,614.63570331,0.2
-0.03556678361492231,0.39263272285461426,0.0003,43334,4198400,0.37687707,0.509814453125,2050,20490,0.9505097,96,288.7344567298889,-6.960343983769417,114.94,70.93458557128906,614.9585473500001,0.2
-0.019285522602149285,0.3923334777355194,0.0003,43419,4218880,0.45781282,0.498486328125,2060,20590,0.94291574,97,334.7620760440826,-6.918326273560524,107.67,131.1778564453125,574.6832251899999,0.2
-0.004989091077004559,0.39026451110839844,0.0003,43505,4239360,0.8153691,0.601416015625,2070,20690,0.95579064,97,218.3469237089157,-6.842633679509163,118.79,62.95488357543945,633.9908934,0.2
0.0466905416775262,0.3903546631336212,0.0003,43590,4259840,1.0365006,0.70458984375,2080,20790,0.9649658,97,185.01180886030198,-6.848761907219886,116.12,65.68791961669922,619.34344418,0.2
-0.012872490714653396,0.3904479146003723,0.0003,43676,4280320,0.53810227,0.5193359375,2090,20890,0.9346236,98,314.80352199077606,-6.8555132552981375,113.95,98.5736312866211,607.30170233,0.2
-0.02699882123270072,0.3913510739803314,0.0003,43760,4300800,0.6766083,0.5408203125,2100,20990,0.9524127,98,279.2441955804825,-6.881778614223004,110.0,72.2822036743164,584.2401724399999,0.2
-0.0172758721455466,0.39188554883003235,0.0003,43847,4321280,1.2784169,0.5685546875,2110,21090,0.9502116,98,264.1192860126495,-6.885852441191673,110.5,92.29103088378906,587.28600306,0.2
-0.020138925287756137,0.3902507424354553,0.0003,43932,4341760,1.0160359,0.570751953125,2120,21190,0.9648391,98,194.89530441761016,-6.796657770872116,111.68,55.151371002197266,589.31718383,0.2
-0.028139125296729618,0.38806524872779846,0.0003,44019,4362240,0.76978123,0.582373046875,2130,21290,0.95876825,99,228.67218039035797,-6.714683511853218,118.67,79.72953796386719,629.68038472,0.2
-0.021921102178748698,0.38657665252685547,0.0003,44105,4382720,0.959474,0.59228515625,2140,21390,0.94454914,99,275.68683860301974,-6.652774772047996,116.93,99.70719146728516,622.26582272,0.2
-0.0009407974110217765,0.38705822825431824,0.0003,44191,4403200,0.650035,0.58447265625,2150,21490,0.9655083,99,219.9589008331299,-6.662058532238007,116.85,84.14324188232422,618.86265423,0.2
-0.015079769134172239,0.3866579532623291,0.0003,44278,4423680,0.6178589,0.578515625,2160,21590,0.961084,99,242.76995804309846,-6.647323061525822,119.61,70.76576232910156,632.83679395,0.2
-0.011106697379727849,0.38487714529037476,0.0003,44365,4444160,0.67419684,0.5791015625,2170,21690,0.95365703,100,278.68722507953646,-6.557315789163113,124.48,118.13138580322266,659.4543602599999,0.2
-0.03255804135405924,0.3836853504180908,0.0003,44451,4464640,0.39757085,0.492578125,2180,21790,0.9478563,100,313.0521454811096,-6.525410254299641,117.53,135.43154907226562,622.59688751,0.2
-0.014441014378098771,0.381915420293808,0.0003,44539,4485120,0.68929064,0.5779296875,2190,21890,0.9569863,100,242.37737908363343,-6.45062022805214,120.84,87.53345489501953,644.2744660999999,0.2
-0.030908758318400942,0.38271522521972656,0.0003,44625,4505600,0.46708965,0.55927734375,2200,21990,0.96560067,100,198.54967920780183,-6.508483923971653,116.7,35.44948959350586,621.62433454,0.2
-0.021839565740083344,0.38182759284973145,0.0003,44709,4526080,0.6248172,0.556787109375,2210,22090,0.9651833,101,198.6279802799225,-6.469681267440319,112.88,47.414424896240234,602.99870172,0.2
-0.012078608639421872,0.3802514374256134,0.0003,44790,4546560,0.96022606,0.581396484375,2220,22190,0.96166307,101,211.48705332279206,-6.418548077344894,117.05,49.920650482177734,624.57132756,0.2
0.0020647814933909105,0.37988966703414917,0.0003,44873,4567040,0.88581455,0.574755859375,2230,22290,0.9502124,101,262.32178609371186,-6.405117808282375,114.07,145.63864135742188,604.8244427999999,0.2
-0.002773950749542564,0.38118940591812134,0.0003,44955,4587520,0.91487104,0.60185546875,2240,22390,0.9536619,102,194.80002052783965,-6.4402784839272496,93.91,58.23159408569336,495.21223508,0.2
-0.027156857441877947,0.3808707296848297,0.0003,45041,4608000,0.69566494,0.548681640625,2250,22490,0.95314455,102,199.65161941051483,-6.414370687305928,99.19,70.59461212158203,518.97696883,0.2
-0.039550048613455145,0.3802434206008911,0.0003,45125,4628480,0.4581463,0.557373046875,2260,22590,0.93610036,102,295.73658182621,-6.383179327845573,105.41,75.62203979492188,544.26733013,0.2
-0.017778651442495175,0.3789061903953552,0.0003,45207,4648960,0.556107,0.565185546875,2270,22690,0.94102997,102,268.4194511890411,-6.339051179587841,105.8,85.67185974121094,551.3715044800001,0.2
-0.01381880991102662,0.3775930106639862,0.0003,45290,4669440,0.6743512,0.5998046875,2280,22790,0.95074326,103,257.44955241680145,-6.302379266917706,98.56,86.45364379882812,513.99023964,0.2
-0.025390698516275734,0.37779882550239563,0.0003,45378,4689920,0.5895727,0.558544921875,2290,22890,0.954834,103,204.77542684078216,-6.312884776294231,102.07,59.205989837646484,531.6057892599999,0.2
-0.0374645862262696,0.3770405352115631,0.0003,45461,4710400,0.4696964,0.530712890625,2300,22990,0.93316597,103,318.1442114830017,-6.263687404990196,106.57,107.43655395507812,554.88090656,0.2
-0.02664413844468072,0.3748984932899475,0.0003,45541,4730880,0.53998244,0.586376953125,2310,23090,0.9392769,103,272.5904265403748,-6.185385365784168,107.75,86.50699615478516,562.53171792,0.2
-0.03124553241068497,0.3731206953525543,0.0003,45619,4751360,0.52324283,0.5189453125,2320,23190,0.9346826,104,373.9157778739929,-6.082064354419709,105.98,144.1727752685547,553.0448007699999,0.2
-0.020921975513920187,0.3729292154312134,0.0003,45700,4771840,0.73261416,0.619140625,2330,23290,0.95657796,104,192.4843314886093,-6.049686695635319,103.23,62.09072494506836,535.59766823,0.2
-0.019848894071765245,0.3717775046825409,0.0003,45779,4792320,0.6578976,0.578125,2340,23390,0.94440037,104,292.98369467258453,-6.011470003426075,106.4,145.35299682617188,560.2294891199999,0.2
-0.025857220476609655,0.37037545442581177,0.0003,45859,4812800,0.4521411,0.464208984375,2350,23490,0.9167154,104,425.72858238220215,-5.950978735089302,93.26,208.84666442871094,488.7252760400001,0.2
-0.026697081816382705,0.36894938349723816,0.0003,45939,4833280,0.37342146,0.504833984375,2360,23590,0.89065856,105,574.8684022903442,-5.872752286493778,93.74,170.72975158691406,490.38327131,0.2
-0.018635996138618792,0.36764925718307495,0.0003,46018,4853760,0.61771876,0.57080078125,2370,23690,0.9416872,105,289.09876058101656,-5.829971346259117,99.1,203.52755737304688,526.66219003,0.2
-0.03260387491900474,0.3669554889202118,0.0003,46100,4874240,0.68859303,0.539892578125,2380,23790,0.92222893,105,344.15236220359805,-5.797707994282246,105.27,114.6241683959961,558.9186649799999,0.2
-0.010219128958124202,0.36712390184402466,0.0003,46181,4894720,1.1784639,0.50390625,2390,23890,0.9304428,105,461.9476697444916,-5.788644775748253,105.33,168.85623168945312,563.33247075,0.2
-0.03721248609072063,0.3658675253391266,0.0003,46267,4915200,0.40677327,0.513916015625,2400,23990,0.9403074,106,333.42444319725035,-5.742675933241844,104.6,93.87985229492188,563.01409314,0.2
-0.020040476106805725,0.3642190396785736,0.0003,46351,4935680,0.683257,0.571484375,2410,24090,0.9302272,106,346.45258860588075,-5.675231002271175,106.94,98.33135986328125,574.0689921300001,0.2
-0.012280257412930951,0.3632059693336487,0.0003,46438,4956160,0.73496735,0.580517578125,2420,24190,0.940507,106,324.8861813545227,-5.613471645116806,110.24,101.11920166015625,590.1202976499999,0.2
-0.031078276585321873,0.3634163737297058,0.0003,46524,4976640,0.64699936,0.590087890625,2430,24290,0.9464307,106,263.9497784137726,-5.624023181200028,114.29,73.79451751708984,612.4860992600001,0.2
-0.003980365858296864,0.3635510504245758,0.0003,46606,4997120,0.9053795,0.607421875,2440,24390,0.9649136,107,217.43546814918517,-5.6348264291882515,120.32,57.992881774902344,644.3739043200001,0.2
-0.017999762113322503,0.3627013564109802,0.0003,46690,5017600,0.6765699,0.541015625,2450,24490,0.9494746,107,290.05328996181487,-5.601092673838139,112.88,79.31261444091797,592.89956139,0.2
-0.017849100023158825,0.3612258732318878,0.0003,46774,5038080,0.9582425,0.547705078125,2460,24590,0.9547131,107,255.76609234809877,-5.553928743302822,113.68,75.71075439453125,598.83810919,0.2
-0.025482476779143327,0.3618845045566559,0.0003,46861,5058560,0.93123364,0.516357421875,2470,24690,0.94830287,107,316.0328853845596,-5.565049642324448,109.45,87.18586730957031,579.8601618499999,0.2
-0.037017043883679435,0.36068978905677795,0.0003,46944,5079040,0.5480273,0.51103515625,2480,24790,0.93383497,108,342.93105161190033,-5.540071758627891,107.23,88.06646728515625,556.7603732599999,0.2
-0.02543841512815561,0.36089879274368286,0.0003,47024,5099520,0.6857858,0.598974609375,2490,24890,0.94297624,108,306.2107540369034,-5.53277852088213,105.69,120.954345703125,557.0231436500001,0.2
0.11172170682693831,0.36058852076530457,0.0003,47103,5120000,3.4310727,0.807421875,2500,24990,0.94617367,108,236.0271981239319,-5.526300649344921,106.85,56.310176849365234,571.91408112,0.2
-0.019899187769624405,0.3598194420337677,0.0003,47183,5140480,0.6555644,0.57548828125,2510,25090,0.94156384,108,248.51311120986938,-5.48204385638237,109.06,90.16092681884766,578.54355162,0.2
-0.01997957816638518,0.3590404987335205,0.0003,47264,5160960,0.76750004,0.5728515625,2520,25190,0.94644356,109,294.28648879528043,-5.444858041405678,109.14,59.4272346496582,581.81693111,0.2
-0.01233118484960869,0.3579074740409851,0.0003,47343,5181440,0.9164014,0.577294921875,2530,25290,0.95652586,109,209.45424258708954,-5.4083466604352,106.69,74.4577865600586,572.12509802,0.2
-0.016165265935705976,0.3566797375679016,0.0003,47423,5201920,0.6668811,0.571044921875,2540,25390,0.9428896,109,275.31599435806277,-5.3394744992256165,109.37,89.3358154296875,590.6598861500001,0.2
-0.033008915025857274,0.35564854741096497,0.0003,47502,5222400,0.5587971,0.567529296875,2550,25490,0.95544666,109,250.05229191780091,-5.263384655117989,115.0,60.155914306640625,616.15563455,0.2
-0.026438640942797065,0.35475924611091614,0.0003,47584,5242880,0.69319475,0.564306640625,2560,25590,0.95831174,110,224.18634655475617,-5.252363561093807,110.88,91.54247283935547,587.0755805,0.2
-0.027305183208954985,0.3541853427886963,0.0003,47664,5263360,0.59461266,0.547265625,2570,25690,0.94407046,110,315.18882110118864,-5.232342921197414,112.01,86.80846405029297,601.8819209699999,0.2
0.005283876731118653,0.35496240854263306,0.0003,47746,5283840,0.8763366,0.62548828125,2580,25790,0.9521436,110,232.2439886569977,-5.2247686862945555,109.99,70.21559143066406,587.94647619,0.2
-0.005752754508284852,0.35437658429145813,0.0003,47828,5304320,0.56742966,0.542431640625,2590,25890,0.88622993,110,477.3487586021423,-5.206530585885048,84.75,115.86263275146484,456.2613748399999,0.2
-0.018881923190201634,0.3538169264793396,0.0003,47915,5324800,0.5841141,0.511328125,2600,25990,0.8834079,111,448.62380194664,-5.17882322371006,89.02,177.37071228027344,479.8259682700001,0.2
0.010951704456238076,0.3534238636493683,0.0003,47996,5345280,1.1688359,0.627734375,2610,26090,0.91781974,111,353.87725315093996,-5.178010633587837,105.56,182.9427490234375,565.52222984,0.2
-0.02249116499151569,0.3543829619884491,0.0003,48079,5365760,0.825281,0.568212890625,2620,26190,0.93305546,111,353.4465627193451,-5.219666448235512,112.12,92.06685638427734,599.6815047000001,0.2
-0.006033092374855187,0.3539348542690277,0.0003,48162,5386240,0.844719,0.5654296875,2630,26290,0.9280935,111,333.6025389432907,-5.1980924814939495,109.34,113.87041473388672,580.54609017,0.2
-0.01257445962401107,0.35348960757255554,0.0003,48243,5406720,0.696725,0.602734375,2640,26390,0.96038747,112,231.82664802074433,-5.236690063774586,102.29,54.844398498535156,546.7270531199999,0.2
-0.021336055741994642,0.35488107800483704,0.0003,48329,5427200,0.81104904,0.607470703125,2650,26490,0.9508791,112,256.59309298992156,-5.292478153109551,107.42,63.357879638671875,576.35886098,0.2
-0.0012780503631802276,0.3542573153972626,0.0003,48410,5447680,0.9775479,0.602685546875,2660,26590,0.9466784,112,271.2938064813614,-5.28250293135643,110.57,107.92399597167969,593.31062929,0.2
-0.018244776886422186,0.35427504777908325,0.0003,48490,5468160,0.30275124,0.48212890625,2670,26690,0.9168172,112,496.38665494918826,-5.27669969946146,100.65,224.89443969726562,540.13817774,0.2
-0.008147317654220387,0.35474300384521484,0.0003,48572,5488640,0.8152187,0.576904296875,2680,26790,0.9294165,112,331.0074398994446,-5.274457743763923,111.83,89.32905578613281,605.95291027,0.2
0.013612766010919587,0.35410457849502563,0.0003,48657,5509120,1.019958,0.658447265625,2690,26890,0.9259167,113,326.67202138900757,-5.239634376764298,109.8,95.23529815673828,592.85497006,0.2
-0.004468595026992261,0.35242214798927307,0.0003,48739,5529600,1.2131382,0.601025390625,2700,26990,0.9457194,113,251.49357342720032,-5.182976371049881,107.88,59.40481948852539,581.18061575,0.2
-0.014432792318984866,0.35307925939559937,0.0003,48822,5550080,0.7621771,0.558251953125,2710,27090,0.9363004,113,310.67782163619995,-5.184546504914761,109.64,72.5291976928711,586.15039565,0.2
-0.010310339284478687,0.35025912523269653,0.0003,48905,5570560,1.3433874,0.5875,2720,27190,0.9409988,113,327.36106951236724,-5.041733765602112,110.76,304.4005126953125,596.05167893,0.2
0.05212677136878483,0.34748509526252747,0.0003,48989,5591040,1.4431851,0.678515625,2730,27290,0.9453269,114,296.14977219104765,-4.907221478223801,110.78,77.39226531982422,592.2675477600001,0.2
-0.03197362296050414,0.34652647376060486,0.0003,49073,5611520,0.7143286,0.581396484375,2740,27390,0.9248128,114,438.48508806228637,-4.846371278166771,115.6,135.64390563964844,615.8084122899999,0.2
-0.01977558575454168,0.3448454439640045,0.0003,49156,5632000,0.9861302,0.56064453125,2750,27490,0.93626183,114,301.2917955160141,-4.788038122653961,111.28,127.52732849121094,591.72236108,0.2
-0.003351509853382595,0.34474876523017883,0.0003,49240,5652480,1.2473569,0.639892578125,2760,27590,0.9531247,114,241.5035292625427,-4.746369989216328,109.61,53.20009994506836,585.4305129599999,0.2
-0.029286592730204574,0.34286853671073914,0.0003,49326,5672960,0.73192173,0.538818359375,2770,27690,0.9403973,115,339.1270027399063,-4.639879250526429,114.32,103.03477478027344,610.83300818,0.2
-0.0065200569486478345,0.34189993143081665,0.0003,49410,5693440,0.8982385,0.612255859375,2780,27790,0.95326483,115,279.00648753643037,-4.580943281948566,116.52,77.18797302246094,622.1862105599998,0.2
0.03188229314982891,0.3405601978302002,0.0003,49493,5713920,1.6414353,0.668505859375,2790,27890,0.9532202,115,270.0507787227631,-4.556172989308834,115.22,124.57274627685547,614.62336549,0.2
-0.016784159353119322,0.3401585817337036,0.0003,49576,5734400,0.91960037,0.577392578125,2800,27990,0.93555045,115,341.7725963354111,-4.522927553951741,120.4,88.7209243774414,635.6387005700001,0.2
-0.007267735866480507,0.3411484956741333,0.0003,49669,5754880,1.0211816,0.622412109375,2810,28090,0.95001465,115,273.3014552116394,-4.560289447009564,113.66,85.80206298828125,601.972186,0.2
-0.013199177136993968,0.3405150771141052,0.0003,49759,5775360,0.9249078,0.61357421875,2820,28190,0.94904125,116,284.70132780075073,-4.513809499144554,112.26,91.41878509521484,596.6828667,0.2
-0.021251926699187608,0.3410930633544922,0.0003,49843,5795840,0.70664465,0.582177734375,2830,28290,0.948114,116,262.19374725818636,-4.573490437865257,114.18,92.68402099609375,604.5878893099999,0.2
-0.02072893226868473,0.34079670906066895,0.0003,49926,5816320,0.94350314,0.60361328125,2840,28390,0.9566831,116,239.78358082771302,-4.564366438984871,112.17,87.35938262939453,590.92639455,0.2
-0.017533101240405812,0.3422738015651703,0.0003,50014,5836800,0.73494077,0.557666015625,2850,28490,0.96249914,116,213.9991379737854,-4.626586553454399,108.68,58.69129180908203,569.86920753,0.2
-0.00676623985345941,0.34158575534820557,0.0003,50099,5857280,0.8533152,0.60537109375,2860,28590,0.95170206,116,221.17137577533722,-4.5827894568443295,109.06,69.99679565429688,571.13058743,0.2
-0.01764175842690747,0.33953118324279785,0.0003,50182,5877760,0.6523676,0.5142578125,2870,28690,0.93490815,117,340.7495970726013,-4.4905207976698875,112.57,105.53675079345703,597.49881997,0.2
-0.009767212820588612,0.33982428908348083,0.0003,50263,5898240,1.1311586,0.637841796875,2880,28790,0.95193577,117,226.19418621063232,-4.5002346456050875,106.85,99.38345336914062,568.4568821600001,0.2
0.001218112002243288,0.33946821093559265,0.0003,50345,5918720,1.2432327,0.6693359375,2890,28890,0.96538687,117,174.22393193244935,-4.466347771883011,107.19,39.2442741394043,565.7182886400001,0.2
-0.012194212141912431,0.33859071135520935,0.0003,50428,5939200,0.8374448,0.634375,2900,28990,0.9638417,117,198.45024795532225,-4.406159743666649,109.09,65.7140884399414,577.65071915,0.2
-0.03311389290756779,0.33900755643844604,0.0003,50509,5959680,0.56209004,0.5365234375,2910,29090,0.9343336,117,332.61044204235077,-4.432292868196964,107.24,126.28093719482422,564.11669429,0.2
-0.022970306704519317,0.3375339210033417,0.0003,50592,5980160,0.551872,0.577001953125,2920,29190,0.9451958,118,282.1944301843643,-4.3295624032616615,114.4,70.45928955078125,600.49933723,0.2
-0.021476387171423993,0.3369186222553253,0.0003,50674,6000640,0.8362869,0.60146484375,2930,29290,0.9524667,118,271.1281780719757,-4.300994896888733,107.96,102.71721649169922,569.01047713,0.2
-0.010970545961754397,0.3367973864078522,0.0003,50763,6021120,0.8346988,0.603759765625,2940,29390,0.938005,118,319.41754364967346,-4.286406223475933,114.21,125.19482421875,602.26254715,0.2
-0.008291353637469,0.3363107740879059,0.0003,50850,6041600,0.8730507,0.619873046875,2950,29490,0.9577329,118,216.50387041568757,-4.276827098429203,110.65,72.02399444580078,581.4113281900001,0.2
-0.018396295080310664,0.3355623185634613,0.0003,50933,6062080,0.8433607,0.6064453125,2960,29590,0.9416682,119,278.0043025493622,-4.2693614065647125,109.3,84.51730346679688,581.6904923500001,0.2
-0.019899560124031268,0.3342132270336151,0.0003,51017,6082560,1.7623384,0.612890625,2970,29690,0.9631067,119,184.91389775276184,-4.233964318037033,110.05,66.19571685791016,588.34267851,0.2
-0.016327719191031063,0.33481934666633606,0.0003,51103,6103040,0.90447056,0.57578125,2980,29790,0.9412354,119,230.7580548286438,-4.273964403569698,105.13,65.05488586425781,560.9899493600001,0.2
-0.014374084485461935,0.33347442746162415,0.0003,51188,6123520,1.2086146,0.60185546875,2990,29890,0.9375597,119,286.9074129343033,-4.2125136137008665,110.08,139.9425048828125,580.6931131599999,0.2
-0.006539732869714499,0.33280709385871887,0.0003,51269,6144000,1.0372593,0.5970703125,3000,29990,0.94819635,119,271.4899954080582,-4.208893299102783,111.86,99.18514251708984,594.37165749,0.2
-0.022699809828191066,0.3324125409126282,0.0003,51352,6164480,0.6385648,0.5189453125,3010,30090,0.9270801,120,413.2503049850464,-4.170696258544922,107.89,79.37184143066406,569.62038416,0.2
-0.019319880730472506,0.3304683268070221,0.0003,51431,6184960,0.8207019,0.575634765625,3020,30190,0.94137526,120,299.81901071071627,-4.087059383094311,105.68,86.04227447509766,564.3635015,0.2
-0.011053838481893763,0.32736891508102417,0.0003,51514,6205440,0.9064249,0.544873046875,3030,30290,0.94143677,120,355.3984183311462,-3.951608280092478,109.5,111.9087905883789,573.5931626200002,0.2
-0.027792985222185963,0.3268744647502899,0.0003,51596,6225920,0.55454487,0.51708984375,3040,30390,0.9438072,120,292.2028748512268,-3.9299009524285795,105.96,55.012657165527344,559.80286682,0.2
-0.01871579988510348,0.32695630192756653,0.0003,51678,6246400,0.828193,0.59189453125,3050,30490,0.9579007,120,232.32035281658173,-3.936127296090126,108.51,81.61219024658203,574.5334765800001,0.2
-0.01744706135650631,0.32552146911621094,0.0003,51758,6266880,0.73593384,0.563232421875,3060,30590,0.9407385,121,303.9403041601181,-3.8701244190335276,105.34,132.72023010253906,561.3999587800001,0.2
0.0006682234263280407,0.324534147977829,0.0003,51838,6287360,1.1648898,0.577734375,3070,30690,0.9423226,121,295.981880235672,-3.827904527634382,109.95,109.67725372314453,583.37130872,0.2
-0.03174040986923501,0.3241731524467468,0.0003,51919,6307840,0.2775705,0.464013671875,3080,30790,0.92655003,121,413.6163046360016,-3.8138319350779057,109.31,99.91743469238281,572.98900039,0.2
-0.023181194027711172,0.32366931438446045,0.0003,52000,6328320,0.7909828,0.57998046875,3090,30890,0.93527406,121,344.91762108802794,-3.784605576843023,107.57,76.9303970336914,567.17818589,0.2
-0.013211029118974694,0.3233426511287689,0.0003,52081,6348800,0.7514455,0.5828125,3100,30990,0.9322259,121,304.59902074337003,-3.7744331032037737,103.61,154.07159423828125,542.8866719700001,0.2
-0.01175621634174604,0.3231831192970276,0.0003,52160,6369280,0.61725974,0.62783203125,3110,31090,0.9390656,122,279.5179132938385,-3.740066910535097,101.89,96.16796112060547,534.6104123700001,0.2
0.021608543198090045,0.322599321603775,0.0003,52243,6389760,0.9925251,0.63369140625,3120,31190,0.9503003,122,271.5087327480316,-3.7293106868863104,106.04,131.759033203125,554.1898830299999,0.2
0.019970736675895752,0.3235105574131012,0.0003,52324,6410240,1.1399403,0.68857421875,3130,31290,0.9501934,122,263.7922294139862,-3.7547412350773812,107.22,102.48395538330078,559.46456275,0.2
0.0003658295172499493,0.3237059414386749,0.0003,52407,6430720,0.9477226,0.558642578125,3140,31390,0.94641954,122,293.97350027561185,-3.782163254916668,106.59,102.32125854492188,559.1003468399999,0.2
-0.023566572307026946,0.32226669788360596,0.0003,52490,6451200,0.6155584,0.547021484375,3150,31490,0.93292767,122,286.7144872426987,-3.7218126758933066,106.62,86.1903305053711,556.05555518,0.2
0.02605833331181202,0.3221427798271179,0.0003,52576,6471680,1.8766936,0.703076171875,3160,31590,0.9522211,123,209.233971786499,-3.7370918288826944,101.82,64.82500457763672,528.7853993900001,0.2
-0.01230331031983951,0.32300809025764465,0.0003,52656,6492160,0.9977043,0.602978515625,3170,31690,0.9390869,123,258.29717762470244,-3.7557703986763955,104.76,100.7490234375,546.18274691,0.2
0.010417114256415515,0.3229835331439972,0.0003,52737,6512640,1.5347786,0.683935546875,3180,31790,0.93320477,123,220.43163785934448,-3.7013297379016876,103.03,62.67521286010742,538.4971791400001,0.2
0.0017153811611933633,0.3238763213157654,0.0003,52820,6533120,1.2917346,0.63251953125,3190,31890,0.94006675,123,264.42152132987974,-3.7688425235450267,108.75,76.93119812011719,566.63104647,0.2
-0.03773287324002013,0.3242643177509308,0.0003,52901,6553600,0.5576557,0.548388671875,3200,31990,0.92983687,123,309.1949104547501,-3.8009510673582554,104.19,107.63431549072266,545.1769930199999,0.2
-0.017907943335012534,0.3222609758377075,0.0003,52984,6574080,0.9071866,0.59140625,3210,32090,0.9410198,124,285.18739066123965,-3.710113961994648,105.82,79.15046691894531,565.13373753,0.2
-0.009362618988961912,0.321735680103302,0.0003,53067,6594560,0.7066195,0.535400390625,3220,32190,0.91906905,124,391.76123919487,-3.6516359582543374,108.65,144.85643005371094,571.36247722,0.2
-0.004003364156233147,0.3205922245979309,0.0003,53150,6615040,1.0468348,0.577880859375,3230,32290,0.9234684,124,363.3223331212997,-3.615169281512499,108.44,98.73719787597656,578.4311192700001,0.2
-0.0038401885161874817,0.3196255564689636,0.0003,53231,6635520,0.99620456,0.64443359375,3240,32390,0.9620466,124,187.94048721790313,-3.5712999679148196,105.44,76.11083984375,562.9388003,0.2
-0.02337976469716523,0.31962350010871887,0.0003,53313,6656000,0.66186094,0.588720703125,3250,32490,0.94909436,124,275.7510612010956,-3.5767555706202985,109.57,92.32161712646484,581.04911426,0.2
-0.031286910371272826,0.3197237551212311,0.0003,53396,6676480,0.6773094,0.575390625,3260,32590,0.93918395,125,294.01830914020536,-3.582539899647236,107.03,122.41957092285156,567.98562039,0.2
-0.02405782282585278,0.31824490427970886,0.0003,53478,6696960,0.7828417,0.601953125,3270,32690,0.9587474,125,243.08718707561493,-3.4975441046059133,108.4,70.35514068603516,574.7390287999999,0.2
-0.027803370851324873,0.31700751185417175,0.0003,53560,6717440,1.0687666,0.523095703125,3280,32790,0.92893285,125,338.27875754833224,-3.4464401796460153,103.44,97.62867736816406,553.7646347,0.2
-0.008529684040695429,0.31616711616516113,0.0003,53639,6737920,0.76258206,0.612109375,3290,32890,0.9511169,125,238.39979522228242,-3.415547301620245,106.51,70.63005065917969,562.7750178499999,0.2
-0.032458032880094835,0.3144744634628296,0.0003,53719,6758400,0.68157536,0.575244140625,3300,32990,0.947854,125,294.6000070095062,-3.30071707367897,106.58,80.4941635131836,566.4243795299999,0.2
-0.021264772416907364,0.31377243995666504,0.0003,53803,6778880,0.87810445,0.557861328125,3310,33090,0.9466577,125,261.9826929330826,-3.251236706227064,105.07,85.44308471679688,563.8741828899999,0.2
-0.012344657644280232,0.31333401799201965,0.0003,53887,6799360,1.0301578,0.58369140625,3320,33190,0.93919754,126,333.63793992996216,-3.2242424197494985,100.64,84.63172912597656,531.1364478400001,0.2
-0.022954534433665685,0.3116348385810852,0.0003,53972,6819840,0.73436445,0.58505859375,3330,33290,0.92183566,126,389.7070903778076,-3.129340720176697,98.38,132.82220458984375,519.95201491,0.2
-0.005581797007471323,0.310837984085083,0.0003,54062,6840320,0.80049694,0.573095703125,3340,33390,0.9219956,126,404.98010048866274,-3.059136947989464,104.65,161.29525756835938,558.3464300400001,0.2
-0.009334939840482549,0.30996572971343994,0.0003,54142,6860800,1.0214456,0.609375,3350,33490,0.93139094,126,302.2379247426987,-3.026638989895582,103.29,162.44798278808594,547.88493103,0.2
-0.0263873357034754,0.3093458116054535,0.0003,54222,6881280,0.5681848,0.55078125,3360,33590,0.9195365,126,378.55919342041017,-3.0142147310078142,101.24,152.0546112060547,538.18531553,0.2
-0.010492942438577301,0.30763232707977295,0.0003,54305,6901760,0.6875441,0.585107421875,3370,33690,0.91252846,127,349.0061554431915,-2.9215761296451093,86.85,112.52680206298828,462.8436492299999,0.2
-0.025859252308146098,0.30751559138298035,0.0003,54389,6922240,0.67058885,0.572021484375,3380,33790,0.91663027,127,417.36027483940126,-2.9407801173627375,99.66,197.46405029296875,529.74744968,0.2
-0.023463374280254357,0.30761584639549255,0.0003,54471,6942720,0.6893817,0.587158203125,3390,33890,0.92975026,127,368.6333036661148,-2.9392283894121647,104.07,115.5781021118164,553.41646246,0.2
-0.005198916819063015,0.3081724941730499,0.0003,54553,6963200,0.99867696,0.61337890625,3400,33990,0.9393856,127,271.17987246513366,-2.98139962926507,100.0,85.72144317626953,528.58475374,0.2
-0.029933185511617923,0.30907803773880005,0.0003,54632,6983680,0.56413,0.568896484375,3410,34090,0.9393434,127,302.1294366836548,-3.0257900401949884,103.29,88.06005096435547,551.29286881,0.2
-0.016405782695801462,0.3085270822048187,0.0003,54712,7004160,0.68742406,0.5763671875,3420,34190,0.9436904,128,254.1751977443695,-2.9894069984555243,100.27,121.05268096923828,535.12336321,0.2
-0.02079878808290232,0.30835476517677307,0.0003,54795,7024640,0.86053145,0.5796875,3430,34290,0.93693405,128,352.2928042411804,-2.9732042789459228,106.28,109.24449157714844,564.7937372499999,0.2
-0.005440271383849904,0.30922240018844604,0.0003,54874,7045120,1.0074568,0.637890625,3440,34390,0.9540098,128,251.2679714679718,-2.994736085832119,105.4,133.1023712158203,561.9182728500001,0.2
-0.010358178155729546,0.3080042004585266,0.0003,54956,7065600,1.128728,0.64384765625,3450,34490,0.94124216,128,271.1381366014481,-2.9162412866950036,100.73,62.77691650390625,542.5613906399999,0.2
-0.020094917545793577,0.3076252341270447,0.0003,55032,7086080,0.91099703,0.57890625,3460,34590,0.9460521,128,299.6888068675995,-2.8850957810878755,102.88,82.4353256225586,552.8651568,0.2
-0.030202538907178677,0.3066776394844055,0.0003,55110,7106560,0.76472986,0.591650390625,3470,34690,0.9457389,128,297.52514510154725,-2.8281894959509373,102.04,102.8836441040039,546.03897054,0.2
0.0033141617255751043,0.30583566427230835,0.0003,55191,7127040,1.3246598,0.60791015625,3480,34790,0.94829667,129,275.57638397216795,-2.7696389734745024,105.45,102.83712768554688,564.37499126,0.2
0.001082368940114975,0.30545514822006226,0.0003,55269,7147520,1.0256542,0.577978515625,3490,34890,0.9267851,129,377.41488094329833,-2.769826339930296,98.4,105.77923583984375,525.04943822,0.2
0.021314059529686347,0.30554041266441345,0.0003,55347,7168000,1.6506393,0.635546875,3500,34990,0.9254675,129,336.9779770374298,-2.776317135989666,104.82,95.76729583740234,555.9794106,0.2
-0.008812130760634317,0.3051965832710266,0.0003,55424,7188480,1.2313781,0.6453125,3510,35090,0.94089174,129,269.9121064186096,-2.725274795293808,107.19,77.98259735107422,570.41754331,0.2
-0.015512795350514353,0.3037112355232239,0.0003,55503,7208960,0.79320836,0.570556640625,3520,35190,0.92745143,129,415.89946765899657,-2.6632054671645164,108.44,169.3271484375,573.2021143300001,0.2
0.014748307820991614,0.30399346351623535,0.0003,55581,7229440,1.5260532,0.670654296875,3530,35290,0.9454568,130,273.2960332632065,-2.689332007616758,105.81,72.5636978149414,557.47035401,0.2
-0.003045437432592735,0.3032190203666687,0.0003,55661,7249920,1.0903217,0.610791015625,3540,35390,0.9311438,130,314.9969519376755,-2.6501501843333246,100.02,93.84319305419922,526.38778772,0.2
-0.03872290739091113,0.30255264043807983,0.0003,55739,7270400,0.44167626,0.481494140625,3550,35490,0.8982508,130,536.1704831600189,-2.5931679233908653,104.31,188.90411376953125,548.12249364,0.2
0.016966544880415314,0.3023722171783447,0.0003,55819,7290880,1.2020423,0.666357421875,3560,35590,0.94093305,130,287.16948266029357,-2.5889635629951955,97.87,70.94884490966797,515.4280545299999,0.2
0.008663614135002717,0.29979026317596436,0.0003,55898,7311360,1.2921294,0.6611328125,3570,35690,0.9470302,130,286.2750977754593,-2.448334926366806,106.77,125.86631774902344,560.7927000000001,0.2
-0.020078775139700154,0.2982419729232788,0.0003,55976,7331840,0.94688106,0.6265625,3580,35790,0.9379868,130,332.1557173967361,-2.3617522977292538,105.37,148.29498291015625,559.52113276,0.2
-0.020004134651389904,0.29794052243232727,0.0003,56056,7352320,0.9736241,0.597900390625,3590,35890,0.94642353,131,328.3947875022888,-2.34939993172884,100.44,92.72863006591797,528.2462159300001,0.2
-0.01646126706909854,0.2975414991378784,0.0003,56136,7372800,0.92343754,0.5705078125,3600,35990,0.930471,131,282.77950143814087,-2.3485003083944322,99.53,109.84514617919922,517.71686309,0.2
0.006588594082859345,0.2977272570133209,0.0003,56216,7393280,1.4754112,0.656494140625,3610,36090,0.9494639,131,215.7166887998581,-2.3932862848043444,91.42,153.8247528076172,476.92263834000005,0.2
0.007339301725733094,0.29647424817085266,0.0003,56295,7413760,1.2119033,0.669091796875,3620,36190,0.93627864,131,256.4357321739197,-2.324493798613548,91.81,89.39396667480469,475.88028318000005,0.2
-0.0053909274560282935,0.2953663170337677,0.0003,56372,7434240,1.4769835,0.66708984375,3630,36290,0.95923585,131,188.18211417198182,-2.2506578296422957,96.07,64.26606750488281,493.9353538899999,0.2
0.09458038018201478,0.2953589856624603,0.0003,56451,7454720,2.2115533,0.747802734375,3640,36390,0.93944174,132,259.1983289957046,-2.238565934449434,90.82,88.70997619628906,474.94447092999997,0.2
-0.016295625545899382,0.29353806376457214,0.0003,56529,7475200,1.0112724,0.63662109375,3650,36490,0.9537997,132,219.66090514659882,-2.179928281158209,95.63,77.30363464355469,498.60766858000005,0.2
-0.025706116316723638,0.293749064207077,0.0003,56608,7495680,0.8191625,0.62080078125,3660,36590,0.95698285,132,204.8527063369751,-2.2076921440660953,99.42,66.7809829711914,516.54130965,0.2
-0.004243416083045304,0.29308563470840454,0.0003,56685,7516160,1.1317089,0.683740234375,3670,36690,0.9453248,132,236.40645244121552,-2.201785771548748,95.24,133.25985717773438,501.37548461,0.2
-0.01409665621467866,0.29249024391174316,0.0003,56761,7536640,1.1789219,0.617578125,3680,36790,0.94746864,132,253.19569697380066,-2.1774219557642938,96.54,124.41433715820312,502.35176051999997,0.2
0.002861283114179969,0.294379323720932,0.0003,56840,7557120,1.3389997,0.674267578125,3690,36890,0.9591362,132,184.3748970746994,-2.266520603001118,98.59,60.80069351196289,513.65933785,0.2
-0.014818699909665157,0.29390183091163635,0.0003,56923,7577600,1.3321548,0.651513671875,3700,36990,0.9642932,133,177.6608448266983,-2.2276687301695346,93.38,43.47930908203125,491.2720320299999,0.2
-0.024264087979099715,0.29274284839630127,0.0003,57004,7598080,0.85557175,0.60751953125,3710,37090,0.94944894,133,244.832533454895,-2.1831814385950565,93.89,67.36862182617188,497.21101333,0.2
