train/critic_loss,time/total_timesteps,rollout/ep_rew_mean,rollout/ep_len_mean,time/time_elapsed,train/actor_loss,train/n_updates,time/episodes,train/ent_coef,train/learning_rate,time/fps,train/ent_coef_loss
19.325489044189453,264,134.11467019999998,26.4,1,-26.712535858154297,163,10,0.9535915851593018,0.0003,150,-1.3123774528503418
9.719010353088379,530,134.41961629999997,26.5,4,-37.654296875,429,20,0.8780515193939209,0.0003,121,-3.669034481048584
11.119916915893555,776,130.64091026666665,25.866666666666667,6,-47.13475036621094,675,30,0.8146079778671265,0.0003,115,-5.744692802429199
8.211849212646484,1044,132.2066864,26.1,9,-59.01689910888672,943,40,0.7513719201087952,0.0003,110,-7.917705535888672
8.50874137878418,1307,132.21030338,26.14,12,-68.57266235351562,1206,50,0.6946864724159241,0.0003,107,-10.087846755981445
12.958236694335938,1557,131.5951629,25.95,14,-76.57032775878906,1456,60,0.6446942687034607,0.0003,106,-12.158568382263184
9.60489273071289,1830,133.0550179428571,26.142857142857142,17,-89.76021575927734,1729,70,0.5944486856460571,0.0003,106,-14.29080867767334
29.012346267700195,2208,141.4448661875,27.6,20,-93.89173889160156,2107,80,0.5317884087562561,0.0003,105,-16.673961639404297
22.479307174682617,2693,154.02805215555554,29.92222222222222,25,-111.20161437988281,2592,90,0.4620822072029114,0.0003,104,-19.97109603881836
26.3297061920166,3177,162.87497992,31.77,30,-124.34215545654297,3076,100,0.40215864777565,0.0003,103,-22.76612091064453
46.785377502441406,3578,169.5791584,33.14,34,-123.02276611328125,3477,110,0.35933971405029297,0.0003,102,-23.78423309326172
23.45337677001953,4058,179.83000822999998,35.28,40,-143.68112182617188,3957,120,0.3145318031311035,0.0003,100,-26.77288818359375
32.991790771484375,4578,193.98538718,38.02,46,-146.45681762695312,4477,130,0.2725215256214142,0.0003,97,-27.088153839111328
40.293087005615234,5064,205.29547395,40.2,53,-148.06329345703125,4963,140,0.2385374754667282,0.0003,95,-28.280149459838867
130.36416625976562,5688,224.27383892,43.81,62,-154.07728576660156,5587,150,0.2009466141462326,0.0003,90,-30.07476806640625
30.83121681213379,6409,248.24554124000002,48.52,73,-153.59596252441406,6308,160,0.16569072008132935,0.0003,87,-29.533710479736328
36.44181442260742,7094,268.26179981999996,52.64,82,-159.72659301757812,6993,170,0.13801035284996033,0.0003,85,-32.375709533691406
44.20466995239258,7995,295.00939784999997,57.87,97,-161.79421997070312,7894,180,0.10875774174928665,0.0003,82,-32.749610900878906
35.729515075683594,8778,309.37194435,60.85,112,-159.15328979492188,8677,190,0.08934129029512405,0.0003,78,-25.856658935546875
45.732017517089844,9552,324.77700101999994,63.75,127,-167.91212463378906,9451,200,0.07459616661071777,0.0003,74,-25.580110549926758
61.60361099243164,10379,344.42727004,68.01,144,-167.36842346191406,10278,210,0.06130797415971756,0.0003,72,-24.57575225830078
51.83268356323242,10927,346.9519843300001,68.69,155,-160.60906982421875,10826,220,0.05418122932314873,0.0003,70,-23.341449737548828
60.872589111328125,11646,357.4680735500001,70.68,171,-147.92724609375,11545,230,0.04650944098830223,0.0003,67,-14.905293464660645
52.922340393066406,12220,363.24257074,71.56,184,-165.070556640625,12119,240,0.04204178974032402,0.0003,66,-16.40341567993164
46.462493896484375,12793,362.0005808300001,71.05,198,-159.16769409179688,12692,250,0.038170330226421356,0.0003,64,-4.841409206390381
45.75755310058594,13415,358.74629224999995,70.06,214,-169.01043701171875,13314,260,0.03506860136985779,0.0003,62,-10.743302345275879
54.0709228515625,14009,355.55283183,69.15,233,-151.09689331054688,13908,270,0.032688599079847336,0.0003,59,-2.412543296813965
62.25578689575195,14634,340.45535086999996,66.39,254,-159.44088745117188,14533,280,0.030776165425777435,0.0003,57,2.4252891540527344
58.90495681762695,15307,336.81966050000005,65.29,276,-151.48980712890625,15206,290,0.029382111504673958,0.0003,55,-1.202028512954712
57.906707763671875,16082,337.46918146,65.3,302,-153.83688354492188,15981,300,0.02810848318040371,0.0003,53,2.502293109893799
51.55949783325195,16904,341.33996435,65.25,329,-159.46803283691406,16803,310,0.027447525411844254,0.0003,51,-7.796999931335449
57.10801696777344,17623,352.3338665400001,66.96,352,-145.51181030273438,17522,320,0.026404714211821556,0.0003,50,-1.0932667255401611
43.783447265625,18317,349.87334108000005,66.71,374,-155.07275390625,18216,330,0.02728213742375374,0.0003,48,3.0296716690063477
37.06157302856445,18978,354.5339430999999,67.58,396,-142.09173583984375,18877,340,0.027536964043974876,0.0003,47,4.893009185791016
46.71647644042969,19665,360.03566056999995,68.72,418,-148.77447509765625,19564,350,0.02699257805943489,0.0003,46,1.1677000522613525
36.13115310668945,20391,365.16272216,69.76,442,-145.00283813476562,20290,360,0.026362448930740356,0.0003,46,2.9043149948120117
41.25260925292969,21039,368.05577185000004,70.3,463,-140.85899353027344,20938,370,0.024953873828053474,0.0003,45,2.6870546340942383
36.85961151123047,21654,370.12406984999996,70.2,483,-141.53575134277344,21553,380,0.02465883642435074,0.0003,44,4.709786415100098
47.219268798828125,22347,371.25135592,70.4,505,-140.6348419189453,22246,390,0.02481991797685623,0.0003,44,-0.7022542953491211
32.89640808105469,23049,369.06956218999994,69.67,528,-140.2852783203125,22948,400,0.023901833221316338,0.0003,43,2.028343677520752
35.8460693359375,23866,369.32201683,69.62,554,-140.0622100830078,23765,410,0.023453213274478912,0.0003,43,-1.616302728652954
38.236846923828125,24609,371.7279775800001,69.86,578,-142.20538330078125,24508,420,0.02348613366484642,0.0003,42,2.76931095123291
39.9202766418457,25600,386.12578271,72.83,610,-137.33030700683594,25499,430,0.023470543324947357,0.0003,41,1.6136667728424072
51.70310974121094,26349,388.5504711,73.71,634,-144.34841918945312,26248,440,0.023372802883386612,0.0003,41,1.500636100769043
50.671234130859375,26961,379.81871191,72.96,654,-146.52670288085938,26860,450,0.023424791172146797,0.0003,41,-1.168837070465088
39.509117126464844,27542,367.29232648000004,71.51,673,-143.34864807128906,27441,460,0.023220349103212357,0.0003,40,-6.206818580627441
50.777652740478516,28129,360.27837707,70.9,692,-141.96920776367188,28028,470,0.02334028296172619,0.0003,40,-1.047175407409668
40.71699142456055,28817,360.87420083999996,71.63,715,-149.77552795410156,28716,480,0.023953450843691826,0.0003,40,-1.3078737258911133
50.766624450683594,29481,357.76854445000004,71.34,737,-132.60511779785156,29380,490,0.0238798800855875,0.0003,39,4.524161338806152
83.05109405517578,30328,362.2786918699999,72.79,764,-142.78955078125,30227,500,0.023153318092226982,0.0003,39,-0.10197162628173828
38.17384338378906,31091,356.09443494,72.25,788,-142.53343200683594,30990,510,0.023151099681854248,0.0003,39,-2.8664116859436035
38.71499252319336,31929,361.35878991000004,73.2,815,-144.24832153320312,31828,520,0.023176228627562523,0.0003,39,-3.3957998752593994
42.72460174560547,32754,356.19966381000006,71.54,842,-135.75491333007812,32653,530,0.023255091160535812,0.0003,38,-1.579390525817871
42.77422332763672,33471,354.32652319999994,71.22,865,-136.5999298095703,33370,540,0.02272423356771469,0.0003,38,-5.679694175720215
39.58354187011719,34404,374.07774859000006,74.43,894,-137.840576171875,34303,550,0.022426407784223557,0.0003,38,-0.9805934429168701
64.63258361816406,35129,384.17795315,75.87,918,-138.61087036132812,35028,560,0.021783316507935524,0.0003,38,-6.8835625648498535
37.63216781616211,36049,405.1820979300001,79.2,947,-137.26150512695312,35948,570,0.021825863048434258,0.0003,38,-1.7574195861816406
35.923614501953125,36853,413.08540225999997,80.36,972,-137.6770782470703,36752,580,0.022153958678245544,0.0003,37,-0.11165452003479004
40.32243347167969,37787,427.92503775999995,83.06,1002,-136.34742736816406,37686,590,0.0223210621625185,0.0003,37,1.9667465686798096
34.83656311035156,38551,426.00399001,82.23,1026,-137.37208557128906,38450,600,0.021718816831707954,0.0003,37,8.507434844970703
46.295188903808594,39358,431.8107952800001,82.67,1052,-133.02337646484375,39257,610,0.022065063938498497,0.0003,37,2.1876039505004883
33.990318298339844,40132,428.77431677,82.03,1077,-132.44491577148438,40031,620,0.021496564149856567,0.0003,37,2.6051461696624756
44.399208068847656,41028,431.79809628000004,82.74,1106,-140.36691284179688,40927,630,0.021554429084062576,0.0003,37,-1.1004620790481567
45.368614196777344,41938,443.29727949,84.67,1136,-131.3133544921875,41837,640,0.021704699844121933,0.0003,36,-3.6936638355255127
32.35212326049805,42719,438.2566916799999,83.15,1161,-138.2320556640625,42618,650,0.022027596831321716,0.0003,36,-6.022909164428711
49.37742233276367,43565,448.69595234,84.36,1187,-147.17520141601562,43464,660,0.022409219294786453,0.0003,36,-4.041109561920166
32.07395935058594,44272,439.40333877999996,82.23,1210,-135.93136596679688,44171,670,0.02212555520236492,0.0003,36,-3.2001352310180664
34.642520904541016,45068,440.37366805,82.15,1236,-135.50331115722656,44967,680,0.021797075867652893,0.0003,36,0.9075603485107422
40.231201171875,45901,436.97414782,81.14,1263,-148.06430053710938,45800,690,0.02196895331144333,0.0003,36,-5.111528396606445
38.61186599731445,46846,442.36434199,82.95,1293,-141.08958435058594,46745,700,0.021758096292614937,0.0003,36,-1.0197081565856934
38.44304275512695,47479,429.6126178999999,81.21,1313,-136.41452026367188,47378,710,0.021738922223448753,0.0003,36,1.2769684791564941
35.1069221496582,48217,423.5132381399999,80.85,1337,-145.97959899902344,48116,720,0.02156216651201248,0.0003,36,0.48682665824890137
38.918514251708984,49089,420.09828656999997,80.61,1365,-137.0564422607422,48988,730,0.021976733580231667,0.0003,35,-0.3560980558395386
32.057308197021484,49864,410.59315456999997,79.26,1389,-143.32077026367188,49763,740,0.021904440596699715,0.0003,35,-2.9332149028778076
38.250823974609375,50696,410.38943348,79.77,1416,-149.15577697753906,50595,750,0.02163085900247097,0.0003,35,-1.9762524366378784
38.090667724609375,51556,407.51802634,79.91,1444,-145.13961791992188,51455,760,0.02187502756714821,0.0003,35,-0.5681723356246948
34.354888916015625,52534,420.0083761,82.62,1475,-145.23532104492188,52433,770,0.02165919356048107,0.0003,35,0.19807183742523193
32.313106536865234,53332,419.80823404999995,82.64,1501,-139.97491455078125,53231,780,0.02168337069451809,0.0003,35,2.6814379692077637
42.22968673706055,54095,415.75657865,81.94,1526,-144.5352783203125,53994,790,0.02167171612381935,0.0003,35,0.896764874458313
37.39009094238281,54820,408.74012739,79.74,1549,-142.44918823242188,54719,800,0.021463217213749886,0.0003,35,-2.0019474029541016
37.73704528808594,55662,423.2577750000001,81.83,1576,-141.58474731445312,55561,810,0.02188500203192234,0.0003,35,-0.31240394711494446
42.055519104003906,56524,432.52316014999997,83.07,1603,-139.2008056640625,56423,820,0.0215337872505188,0.0003,35,-7.723879814147949
41.20785140991211,57457,439.04066913,83.68,1633,-138.10699462890625,57356,830,0.021206917241215706,0.0003,35,-0.9971357583999634
42.595951080322266,58141,438.20556575999996,82.77,1655,-139.81771850585938,58040,840,0.02153828926384449,0.0003,35,-7.379607200622559
30.49135971069336,59115,445.89465438,84.19,1687,-139.34768676757812,59014,850,0.02101290225982666,0.0003,35,-3.975332021713257
44.970619201660156,60020,450.55357876,84.64,1716,-136.65399169921875,59919,860,0.021696120500564575,0.0003,34,-3.73355770111084
36.47833251953125,61011,452.54247087999994,84.77,1747,-144.68186950683594,60910,870,0.021182559430599213,0.0003,34,-2.5992431640625
33.31079864501953,61867,455.61311232,85.35,1775,-138.40444946289062,61766,880,0.021096883341670036,0.0003,34,-3.723068952560425
46.35077667236328,62763,461.18543564,86.68,1804,-147.73104858398438,62662,890,0.02135481685400009,0.0003,34,6.668861389160156
33.55619812011719,63672,469.76199793,88.52,1833,-139.95721435546875,63571,900,0.021293066442012787,0.0003,34,-0.07600998878479004
31.509077072143555,64747,482.3052497400001,90.85,1867,-146.50308227539062,64646,910,0.021404432132840157,0.0003,34,-1.788385272026062
36.816715240478516,65552,477.69487546,90.28,1893,-155.73777770996094,65451,920,0.02102966047823429,0.0003,34,2.430614948272705
40.65802001953125,66510,476.43269339,90.53,1925,-141.85989379882812,66409,930,0.021032800897955894,0.0003,34,2.8619260787963867
43.17198944091797,67253,478.71492379999995,91.12,1949,-141.85267639160156,67152,940,0.02121109329164028,0.0003,34,0.15059280395507812
35.61935043334961,68091,474.08281544000005,89.76,1976,-141.6156005859375,67990,950,0.02098625712096691,0.0003,34,3.2231693267822266
42.691986083984375,69033,474.14088938000003,90.13,2007,-143.98184204101562,68932,960,0.02076001465320587,0.0003,34,2.425779342651367
44.79872512817383,70025,474.19540114999995,90.14,2040,-148.36895751953125,69924,970,0.021108854562044144,0.0003,34,-6.414278984069824
37.659019470214844,70875,472.80127850000014,90.08,2067,-141.20220947265625,70774,980,0.020808963105082512,0.0003,34,2.031120777130127
39.893394470214844,71731,471.77692679999996,89.68,2094,-142.23011779785156,71630,990,0.02059864066541195,0.0003,34,5.244100570678711
45.080474853515625,72652,473.12719409000005,89.8,2124,-142.97329711914062,72551,1000,0.020420027896761894,0.0003,34,1.5227673053741455
34.70545959472656,73609,467.7355923500001,88.62,2156,-139.36378479003906,73508,1010,0.02034713700413704,0.0003,34,-1.806485891342163
38.13275909423828,74863,490.99856881,93.11,2196,-144.89320373535156,74762,1020,0.02039879932999611,0.0003,34,4.319024085998535
33.826072692871094,75881,495.76605782999997,93.71,2230,-142.73162841796875,75780,1030,0.02083556354045868,0.0003,34,3.5567612648010254
33.432254791259766,76889,508.94593796000004,96.36,2264,-144.27105712890625,76788,1040,0.020704779773950577,0.0003,33,0.08602440357208252
32.72056579589844,77913,517.70859297,98.22,2297,-139.37814331054688,77812,1050,0.020471761003136635,0.0003,33,-1.472014307975769
34.823028564453125,78845,518.3186478,98.12,2327,-151.79776000976562,78744,1060,0.020388683304190636,0.0003,33,-4.320160865783691
28.967573165893555,79857,519.8024232299999,98.32,2359,-146.1263427734375,79756,1070,0.02035708725452423,0.0003,33,2.7877087593078613
33.31523132324219,80755,524.56503148,98.8,2388,-150.8152313232422,80654,1080,0.020222138613462448,0.0003,33,0.9315898418426514
42.792015075683594,81657,527.3134772500001,99.26,2417,-145.48345947265625,81556,1090,0.02031806670129299,0.0003,33,0.8693035840988159
32.68781280517578,82674,532.61678972,100.22,2450,-145.76153564453125,82573,1100,0.021017927676439285,0.0003,33,-2.244062662124634
45.98833465576172,83746,537.74706232,101.37,2484,-152.6675567626953,83645,1110,0.020649641752243042,0.0003,33,4.080282211303711
31.013214111328125,84845,531.82626413,99.82,2521,-149.88499450683594,84744,1120,0.020621607080101967,0.0003,33,2.1584882736206055
38.29608154296875,85979,536.87171886,100.98,2556,-144.92059326171875,85878,1130,0.020380351692438126,0.0003,33,-0.030742287635803223
40.278717041015625,87137,546.71625297,102.48,2593,-151.38644409179688,87036,1140,0.020289259031414986,0.0003,33,0.8966919183731079
33.36583709716797,88233,549.63243512,103.2,2628,-152.3173828125,88132,1150,0.020360415801405907,0.0003,33,1.2913893461227417
33.89492416381836,89400,562.59682419,105.55,2665,-149.82989501953125,89299,1160,0.02034085802733898,0.0003,33,-6.811314105987549
36.18303680419922,90396,557.9629619599999,105.39,2697,-148.60516357421875,90295,1170,0.020489564165472984,0.0003,33,0.7980254292488098
28.70569610595703,91631,573.6360818,108.76,2736,-155.96022033691406,91530,1180,0.02053607441484928,0.0003,33,-2.263833522796631
41.710262298583984,92852,588.25747293,111.95,2775,-154.95590209960938,92751,1190,0.021000685170292854,0.0003,33,-0.10683652758598328
32.850364685058594,93939,592.84005526,112.65,2810,-158.25494384765625,93838,1200,0.020740244537591934,0.0003,33,-7.095968246459961
39.802696228027344,95049,592.98451963,113.03,2846,-148.26962280273438,94948,1210,0.02095397375524044,0.0003,33,3.676738739013672
34.662498474121094,96164,593.77352719,113.19,2881,-160.4017333984375,96063,1220,0.02100149355828762,0.0003,33,0.4097644090652466
34.37614059448242,97406,600.8019290699999,114.27,2921,-162.40414428710938,97305,1230,0.02140815742313862,0.0003,33,3.4255356788635254
34.70362854003906,98612,600.39846637,114.75,2959,-154.7928924560547,98511,1240,0.021625904366374016,0.0003,33,2.9175944328308105
37.81419372558594,99999,614.58001467,117.66,3003,-159.27252197265625,99898,1250,0.02159789390861988,0.0003,33,2.173614978790283
36.60169982910156,101111,608.51669128,117.11,3040,-167.0159454345703,101010,1260,0.021319705992937088,0.0003,33,-2.8889501094818115
48.05753707885742,102199,614.89268453,118.03,3074,-157.05642700195312,102098,1270,0.021326344460248947,0.0003,33,-2.0529122352600098
44.474021911621094,103450,613.95866942,118.19,3114,-166.28172302246094,103349,1280,0.021285466849803925,0.0003,33,3.9751601219177246
42.84183883666992,104353,596.6643892699999,115.01,3143,-145.18490600585938,104252,1290,0.02118592895567417,0.0003,33,3.33803391456604
32.07457733154297,105622,604.90509371,116.83,3184,-162.9738311767578,105521,1300,0.021471092477440834,0.0003,33,1.9495630264282227
36.431312561035156,106904,616.2133412,118.55,3225,-156.5251007080078,106803,1310,0.021440088748931885,0.0003,33,0.31054437160491943
42.1520881652832,108232,628.21785731,120.68,3268,-174.67495727539062,108131,1320,0.02158215641975403,0.0003,33,3.2727582454681396
32.41668701171875,109449,627.65382306,120.43,3307,-161.34716796875,109348,1330,0.021700138226151466,0.0003,33,0.08243650197982788
37.831932067871094,110726,633.64980446,121.14,3348,-156.41476440429688,110625,1340,0.021866001188755035,0.0003,33,-0.7448465824127197
36.5274658203125,112075,634.7086598,120.76,3390,-161.23272705078125,111974,1350,0.02154574729502201,0.0003,33,2.3729209899902344
37.53730773925781,113354,642.61932892,122.43,3432,-163.85362243652344,113253,1360,0.02154485322535038,0.0003,33,-3.16741943359375
41.22610855102539,114620,653.6151212600001,124.21,3472,-167.8998260498047,114519,1370,0.021989846602082253,0.0003,33,-4.527895927429199
36.676025390625,115814,652.8710256100001,123.64,3511,-163.3293914794922,115713,1380,0.022405169904232025,0.0003,32,1.3323142528533936
35.356529235839844,117079,673.0002533200002,127.26,3551,-164.91360473632812,116978,1390,0.02235323190689087,0.0003,32,-2.0231025218963623
36.730228424072266,118283,669.6503820000001,126.61,3589,-165.2901611328125,118182,1400,0.022400524467229843,0.0003,32,-4.303280353546143
40.44232177734375,119357,656.68043615,124.53,3623,-172.02731323242188,119256,1410,0.02232353202998638,0.0003,32,-2.5757083892822266
39.83102798461914,120583,652.51250211,123.51,3661,-166.73667907714844,120482,1420,0.02245049737393856,0.0003,32,-0.15361446142196655
36.928916931152344,121889,654.5909535199999,124.4,3703,-170.34552001953125,121788,1430,0.022264866158366203,0.0003,32,-0.8510910272598267
41.15519714355469,123054,645.34608062,123.28,3740,-163.88946533203125,122953,1440,0.022135237231850624,0.0003,32,1.7778997421264648
38.254634857177734,124211,634.4180418000001,121.36,3777,-167.38955688476562,124110,1450,0.022291172295808792,0.0003,32,2.747933864593506
40.883750915527344,125530,639.6950098799998,121.76,3818,-169.07940673828125,125429,1460,0.022091245278716087,0.0003,32,2.328908681869507
35.053565979003906,126836,641.7035662699999,122.16,3859,-171.6884307861328,126735,1470,0.022750409319996834,0.0003,32,-6.440929889678955
34.82122039794922,127967,638.31123882,121.53,3895,-176.03759765625,127866,1480,0.022421693429350853,0.0003,32,4.131111145019531
33.31578063964844,129178,636.71865817,120.99,3933,-170.42347717285156,129077,1490,0.021904822438955307,0.0003,32,0.7788811922073364
33.088233947753906,130478,641.6746490999999,121.95,3975,-167.8212890625,130377,1500,0.022863686084747314,0.0003,32,-2.15170955657959
37.19541549682617,131746,654.0952883499999,123.89,4015,-168.6158905029297,131645,1510,0.022346140816807747,0.0003,32,4.494405746459961
39.030094146728516,133070,657.19759374,124.87,4057,-163.85397338867188,132969,1520,0.022164544090628624,0.0003,32,-2.6593499183654785
39.15321350097656,134254,653.6928514899998,123.65,4095,-165.61859130859375,134153,1530,0.022391214966773987,0.0003,32,4.889559745788574
38.90897750854492,135762,674.1466964199999,127.08,4143,-169.8253936767578,135661,1540,0.02215679921209812,0.0003,32,5.080734729766846
37.86260986328125,137228,688.79106781,130.17,4190,-177.11277770996094,137127,1550,0.022594239562749863,0.0003,32,0.3664591908454895
42.053001403808594,138699,695.0608284,131.69,4238,-178.29132080078125,138598,1560,0.022579113021492958,0.0003,32,0.3946266174316406
42.08000946044922,139909,690.6138708100001,130.73,4276,-170.08267211914062,139808,1570,0.02268070913851261,0.0003,32,-5.5769734382629395
41.12754821777344,141282,705.20140433,133.15,4319,-171.53146362304688,141181,1580,0.022361569106578827,0.0003,32,0.4618214964866638
45.927433013916016,142854,724.2558915599999,136.76,4369,-179.16140747070312,142753,1590,0.022802362218499184,0.0003,32,0.7898755073547363
61.072200775146484,144347,735.4077999499999,138.69,4417,-169.98431396484375,144246,1600,0.023040350526571274,0.0003,32,0.7874464392662048
45.90259552001953,145658,737.7643049,139.12,4459,-168.8376007080078,145557,1610,0.02316068857908249,0.0003,32,-0.6917873620986938
46.906333923339844,146928,737.5368987400002,138.58,4499,-169.6042938232422,146827,1620,0.02319394052028656,0.0003,32,-0.7338743209838867
35.597412109375,148212,742.5215848500002,139.58,4539,-181.13681030273438,148111,1630,0.02287445403635502,0.0003,32,-1.5602335929870605
39.61891174316406,149627,736.4120476699998,138.65,4584,-177.86231994628906,149526,1640,0.02270679362118244,0.0003,32,5.850246429443359
35.0040397644043,150957,732.4745407600001,137.29,4626,-186.19760131835938,150856,1650,0.023501822724938393,0.0003,32,2.0620229244232178
44.39262390136719,152095,718.4969809199999,133.96,4663,-179.69937133789062,151994,1660,0.023501722142100334,0.0003,32,-2.446013927459717
37.56900405883789,153464,726.9751266600001,135.55,4706,-170.60165405273438,153363,1670,0.023472949862480164,0.0003,32,-2.018683433532715
42.64638137817383,154823,725.45184657,135.41,4749,-174.101318359375,154722,1680,0.022973835468292236,0.0003,32,0.23179930448532104
47.204132080078125,156481,730.81777038,136.27,4801,-181.66299438476562,156380,1690,0.02286897972226143,0.0003,32,-3.451676845550537
38.00798797607422,158128,738.0067162400001,137.81,10208,-177.61257934570312,158027,1700,0.022949818521738052,0.0003,15,3.327228307723999
76.2440185546875,159491,738.9327580099998,138.33,22564,-179.99366760253906,159390,1710,0.022920535877346992,0.0003,7,-7.146467208862305
55.63105773925781,160892,743.75638045,139.64,22590,-184.17214965820312,160791,1720,0.023333538323640823,0.0003,7,-1.9773766994476318
32.72083282470703,162389,754.6086741100002,141.77,22619,-173.39224243164062,162288,1730,0.023544231429696083,0.0003,7,0.4945840835571289
42.407875061035156,164105,770.1293041799998,144.78,22652,-178.5933074951172,164004,1740,0.02333744987845421,0.0003,7,-0.02990633249282837
38.03692626953125,166015,797.5108237000001,150.58,22689,-176.02621459960938,165914,1750,0.023511264473199844,0.0003,7,-0.5729445219039917
47.29351806640625,167739,826.3961793999999,156.44,22723,-183.8804473876953,167638,1760,0.023239191621541977,0.0003,7,-1.2977879047393799
37.20817565917969,169374,838.3786627599999,159.1,22754,-188.73294067382812,169273,1770,0.02362617291510105,0.0003,7,-4.780083656311035
43.19908142089844,171029,853.8076014700001,162.06,22786,-176.05538940429688,170928,1780,0.023567087948322296,0.0003,7,0.9202805161476135
49.09615707397461,172549,846.6149970999999,160.68,22815,-188.03823852539062,172448,1790,0.023745082318782806,0.0003,7,-2.087656259536743
41.46681213378906,174169,847.1539750800001,160.41,22847,-195.9179229736328,174068,1800,0.023157520219683647,0.0003,7,-0.539933443069458
36.282135009765625,175781,860.30318285,162.9,22878,-179.90737915039062,175680,1810,0.024000978097319603,0.0003,7,4.850033760070801
38.73996353149414,177421,873.0849469,165.29,22911,-189.70355224609375,177320,1820,0.023484911769628525,0.0003,7,2.4019289016723633
57.517459869384766,179199,887.68619098,168.1,22946,-189.9208984375,179098,1830,0.02382124774158001,0.0003,7,0.36844944953918457
36.70512390136719,181026,895.25923172,169.21,22982,-201.82679748535156,180925,1840,0.023722602054476738,0.0003,7,-1.3616187572479248
39.006561279296875,182873,891.8802536099997,168.58,23018,-179.95736694335938,182772,1850,0.023922419175505638,0.0003,7,-4.486824035644531
47.84344482421875,184767,900.1865617400002,170.28,23056,-194.70913696289062,184666,1860,0.024440962821245193,0.0003,8,3.9843859672546387
38.915809631347656,186659,913.7772694999999,172.85,23093,-186.9467315673828,186558,1870,0.024698227643966675,0.0003,8,-6.673858642578125
45.90496063232422,188354,914.69403829,173.25,23126,-185.95213317871094,188253,1880,0.024295637384057045,0.0003,8,0.9965680837631226
39.466400146484375,190205,928.78879908,176.56,23162,-198.55918884277344,190104,1890,0.023826541379094124,0.0003,8,0.9023516774177551
39.27165985107422,191943,930.44040886,177.74,23196,-193.87733459472656,191842,1900,0.024134181439876556,0.0003,8,1.241007924079895
42.7193717956543,193834,946.05290482,180.53,23233,-185.9385528564453,193733,1910,0.02460995316505432,0.0003,8,-3.979091167449951
42.95058822631836,195592,952.05526416,181.71,23267,-199.21401977539062,195491,1920,0.02453702688217163,0.0003,8,1.6942894458770752
43.79452896118164,197605,964.71714415,184.06,23307,-193.67161560058594,197504,1930,0.024158712476491928,0.0003,8,-0.03477632999420166
48.2052001953125,199367,962.0127218,183.41,23342,-204.8275909423828,199266,1940,0.02429867908358574,0.0003,8,-2.3388659954071045
48.96863555908203,201115,956.2575262099999,182.42,23377,-201.11865234375,201014,1950,0.024563414976000786,0.0003,8,0.6407228708267212
40.400291442871094,202657,936.5332086800001,178.9,23407,-191.38232421875,202556,1960,0.024610303342342377,0.0003,8,0.6212643384933472
52.18067169189453,204816,950.3185387000001,181.57,23450,-205.14105224609375,204715,1970,0.024291884154081345,0.0003,8,-1.1165584325790405
48.92206573486328,206917,968.1069965000002,185.63,23491,-193.4559326171875,206816,1980,0.024084018543362617,0.0003,8,1.6317577362060547
46.320308685302734,208817,971.7542461400001,186.12,23527,-192.75704956054688,208716,1990,0.024381354451179504,0.0003,8,0.6450783610343933
52.117774963378906,211417,1019.2909096199999,194.74,23578,-201.93406677246094,211316,2000,0.024721385911107063,0.0003,8,1.5856621265411377
48.12546920776367,213478,1026.1826497299999,196.44,23618,-200.17369079589844,213377,2010,0.02496546320617199,0.0003,9,-0.307330846786499
45.12782287597656,216270,1076.9040676900001,206.78,23673,-209.8318634033203,216169,2020,0.024937808513641357,0.0003,9,-4.059154987335205
58.72318649291992,217934,1055.4840688200002,203.29,23706,-217.53216552734375,217833,2030,0.025227058678865433,0.0003,9,-2.6105690002441406
43.35417556762695,219736,1058.68390465,203.69,23742,-203.20706176757812,219635,2040,0.024848446249961853,0.0003,9,-2.0673720836639404
41.2988395690918,221404,1052.96890046,202.89,23774,-204.53970336914062,221303,2050,0.024883631616830826,0.0003,9,0.025551795959472656
46.496665954589844,223239,1067.39215704,205.82,23810,-205.5688018798828,223138,2060,0.024864504113793373,0.0003,9,-3.454409599304199
57.503875732421875,225244,1061.2313195199997,204.28,23849,-198.9288330078125,225143,2070,0.025275833904743195,0.0003,9,3.7036287784576416
46.4552001953125,226945,1043.8853642000001,200.28,23883,-208.26321411132812,226844,2080,0.025533683598041534,0.0003,9,3.295297861099243
58.93788528442383,229003,1050.8227698399999,201.86,23924,-202.50604248046875,228902,2090,0.02537393383681774,0.0003,9,-4.740200042724609
55.98272705078125,231044,1021.9667533699999,196.27,23965,-216.115478515625,230943,2100,0.02530280314385891,0.0003,9,-3.113724708557129
58.60814666748047,233695,1052.78663374,202.17,24018,-206.2608642578125,233594,2110,0.025540312752127647,0.0003,9,7.780905723571777
46.99679946899414,235660,1013.5610468900002,193.9,24058,-204.19256591796875,235559,2120,0.025573454797267914,0.0003,9,0.07082998752593994
47.87350845336914,237686,1035.33036839,197.52,24098,-226.1614990234375,237585,2130,0.02610229328274727,0.0003,9,-2.098555088043213
40.61906051635742,240126,1063.74403052,203.9,24146,-206.57272338867188,240025,2140,0.025991536676883698,0.0003,9,-1.2315244674682617
53.59845733642578,242236,1090.73623102,208.32,24188,-216.31356811523438,242135,2150,0.02539289928972721,0.0003,10,0.297127902507782
55.16523361206055,244993,1140.55511989,217.54,24243,-211.8389129638672,244892,2160,0.025647172704339027,0.0003,10,-0.4470282196998596
54.61858367919922,247163,1150.0458615,219.19,24286,-215.1585235595703,247062,2170,0.025855032727122307,0.0003,10,-4.221517086029053
51.0644645690918,250122,1216.2586104800002,231.77,24344,-225.1370391845703,250021,2180,0.025661882013082504,0.0003,10,-4.325509548187256
53.73011016845703,252117,1214.7760515400003,231.14,24384,-228.66128540039062,252016,2190,0.025409966707229614,0.0003,10,0.8648674488067627
45.69233703613281,254450,1227.63327638,234.06,24430,-217.64764404296875,254349,2200,0.025719257071614265,0.0003,10,-3.9879043102264404
59.53978729248047,256749,1211.4964643,230.54,24475,-216.15240478515625,256648,2210,0.02601405791938305,0.0003,10,3.2770915031433105
47.71060562133789,259077,1230.6443302199996,234.17,24521,-214.25808715820312,258976,2220,0.026533782482147217,0.0003,10,1.610517978668213
56.56333923339844,261466,1247.1537469099999,237.8,24568,-225.00503540039062,261365,2230,0.026422062888741493,0.0003,10,-1.583021640777588
49.346641540527344,264009,1255.28149844,238.83,24618,-214.56451416015625,263908,2240,0.026787079870700836,0.0003,10,-0.9672887325286865
55.79264831542969,265955,1244.9676592,237.19,24655,-219.9922637939453,265854,2250,0.02686316706240177,0.0003,10,8.547605514526367
56.49258041381836,268397,1228.9729374699998,234.04,24703,-215.31521606445312,268296,2260,0.026565127074718475,0.0003,10,-1.145427942276001
52.61201095581055,270981,1249.6774557899998,238.18,24753,-219.86856079101562,270880,2270,0.026975246146321297,0.0003,10,1.7996336221694946
56.486854553222656,273207,1211.86143862,230.85,24796,-229.93313598632812,273106,2280,0.027039771899580956,0.0003,11,-3.6550281047821045
46.91474151611328,276145,1259.0553062000001,240.28,24854,-229.75308227539062,276044,2290,0.02664029784500599,0.0003,11,-0.4357248544692993
45.34691619873047,278162,1245.28331536,237.12,24894,-221.9966583251953,278061,2300,0.027408016845583916,0.0003,11,-8.504914283752441
49.38988494873047,280697,1258.58158793,239.48,24945,-227.389892578125,280596,2310,0.027448272332549095,0.0003,11,1.0772736072540283
58.038490295410156,282961,1256.9447688500002,238.84,24990,-229.81631469726562,282860,2320,0.02735130302608013,0.0003,11,-2.026142120361328
66.06831359863281,285186,1249.76993992,237.2,25033,-222.7381134033203,285085,2330,0.027733299881219864,0.0003,11,-6.352821350097656
61.622955322265625,287710,1249.4332123899999,237.01,25082,-244.39503479003906,287609,2340,0.02716936729848385,0.0003,11,2.2510244846343994
55.43045425415039,290346,1290.6898243699998,243.91,25133,-226.0904083251953,290245,2350,0.027044931426644325,0.0003,11,-5.664980888366699
73.80413818359375,292679,1286.54934611,242.82,25179,-239.901611328125,292578,2360,0.02738354168832302,0.0003,11,-3.4111900329589844
59.51862335205078,295069,1276.4748539299999,240.88,25225,-228.89788818359375,294968,2370,0.027118176221847534,0.0003,11,-0.05201578140258789
71.8116455078125,297895,1306.89682228,246.88,25279,-221.871826171875,297794,2380,0.026877500116825104,0.0003,11,2.2143495082855225
54.044464111328125,300855,1310.8429127,247.1,25336,-249.07565307617188,300754,2390,0.026889247819781303,0.0003,11,5.189300537109375
66.09371948242188,304185,1380.02173672,260.23,25401,-232.3662872314453,304084,2400,0.026983080431818962,0.0003,11,1.1299562454223633
60.45752716064453,307983,1448.7252277500002,272.86,25477,-229.98727416992188,307882,2410,0.027302255854010582,0.0003,12,-6.357287406921387
55.03176498413086,311362,1508.43923522,284.01,25542,-233.4981689453125,311261,2420,0.027383893728256226,0.0003,12,-0.032235026359558105
62.133399963378906,314341,1549.0487547900002,291.55,25600,-237.6676025390625,314240,2430,0.02701440453529358,0.0003,12,0.06284928321838379
55.15689468383789,317675,1594.72355553,299.65,25664,-229.4522705078125,317574,2440,0.026995018124580383,0.0003,12,-8.14114761352539
57.30919647216797,321440,1650.8002688200004,310.94,25738,-246.83840942382812,321339,2450,0.027597246691584587,0.0003,12,7.351594924926758
54.493003845214844,324735,1702.1466655000002,320.56,25803,-239.88446044921875,324634,2460,0.02762611396610737,0.0003,12,2.7686080932617188
57.52207946777344,327584,1725.6853956,325.15,25860,-254.5857696533203,327483,2470,0.02747850865125656,0.0003,12,0.07549029588699341
60.22970962524414,330628,1735.3434291400004,327.33,25919,-240.63430786132812,330527,2480,0.027033353224396706,0.0003,12,1.2305543422698975
60.87159729003906,333883,1750.9859952500003,330.28,25982,-246.1486053466797,333782,2490,0.028059817850589752,0.0003,12,3.9425570964813232
73.72166442871094,338756,1830.1378933,345.71,30657,-243.65576171875,338655,2500,0.027108199894428253,0.0003,11,-1.1258211135864258
65.24626922607422,344296,1918.4082316899999,363.13,30727,-257.1351318359375,344195,2510,0.027506891638040543,0.0003,11,5.440732002258301
55.8417854309082,349783,2029.7774772000002,384.21,30796,-252.30178833007812,349682,2520,0.02761763706803322,0.0003,11,1.2652587890625
58.592857360839844,354010,2098.22498735,396.69,30850,-263.04248046875,353909,2530,0.0283224917948246,0.0003,11,0.4725179672241211
53.80535888671875,357677,2110.3773732899995,400.02,30897,-252.93988037109375,357576,2540,0.027764467522501945,0.0003,11,3.638251304626465
58.36061096191406,361413,2108.3140025800003,399.73,30946,-249.37013244628906,361312,2550,0.027704637497663498,0.0003,11,-1.1522403955459595
62.937774658203125,365602,2155.75685831,408.67,31000,-269.2045593261719,365501,2560,0.028745075687766075,0.0003,11,-6.347274303436279
57.83671569824219,371716,2333.4689894000003,441.32,31080,-250.2759246826172,371615,2570,0.028497476130723953,0.0003,11,-1.3401391506195068
58.62089538574219,377245,2469.53909428,466.17,31155,-269.58526611328125,377144,2580,0.027575885877013206,0.0003,12,-4.2377238273620605
64.0555419921875,383951,2655.22010548,500.68,31248,-260.2834167480469,383850,2590,0.028484197333455086,0.0003,12,0.39181703329086304
59.93349075317383,387446,2587.88740097,486.9,31296,-266.83551025390625,387345,2600,0.02845187671482563,0.0003,12,2.09883451461792
69.89541625976562,392234,2552.81494943,479.38,31362,-274.5340576171875,392133,2610,0.027762213721871376,0.0003,12,-1.7646316289901733
61.56284713745117,398669,2605.72850348,488.86,31451,-263.383544921875,398568,2620,0.027541600167751312,0.0003,12,-1.300201654434204
65.5821304321289,404880,2710.0009762199998,508.7,31533,-275.13409423828125,404779,2630,0.028487903997302055,0.0003,12,-0.1282213032245636
56.796600341796875,409731,2775.9218308600002,520.54,31599,-273.8706359863281,409630,2640,0.028551222756505013,0.0003,12,6.663370132446289
66.94535827636719,414710,2842.9623708999993,532.97,31669,-278.15570068359375,414609,2650,0.028893230482935905,0.0003,13,3.51171875
74.50727844238281,422726,3046.99799572,571.24,31777,-276.1002502441406,422625,2660,0.0289570614695549,0.0003,13,0.5409008264541626
78.14470672607422,429770,3093.47514136,580.54,31875,-271.5181579589844,429669,2670,0.029737072065472603,0.0003,13,4.848101615905762
83.55107116699219,435974,3129.0107321400005,587.29,31958,-283.8415832519531,435873,2680,0.028370292857289314,0.0003,13,-0.2442786693572998
80.9306411743164,444568,3230.688638469999,606.17,32074,-295.2985534667969,444467,2690,0.028742732480168343,0.0003,13,2.1809630393981934
62.31060791015625,450438,3355.8212704499997,629.92,32151,-286.6038818359375,450337,2700,0.028693633154034615,0.0003,14,1.145165205001831
60.3670539855957,456629,3431.7589049800004,643.95,32232,-293.4559326171875,456528,2710,0.02943667210638523,0.0003,14,-1.0108224153518677
73.78947448730469,464829,3530.0134250700003,661.6,32342,-308.52874755859375,464728,2720,0.02904869057238102,0.0003,14,-3.9808759689331055
64.51055908203125,473461,3670.6165887100005,685.81,32458,-312.0120849609375,473360,2730,0.028906941413879395,0.0003,14,-1.7839643955230713
62.9786491394043,481328,3840.30907947,715.97,32561,-310.69580078125,481227,2740,0.02900303155183792,0.0003,14,3.4625556468963623
59.60288619995117,490134,4050.79234231,754.24,32676,-316.63409423828125,490033,2750,0.029826615005731583,0.0003,14,-3.744025945663452
81.94764709472656,497180,4000.2060958999996,744.54,32772,-305.1243896484375,497079,2760,0.029132042080163956,0.0003,15,0.5377213954925537
72.02140808105469,506956,4158.24196518,771.86,32900,-303.92059326171875,506855,2770,0.02798876166343689,0.0003,15,-0.9365043640136719
75.54698944091797,515452,4284.44493341,794.78,33010,-320.4868469238281,515351,2780,0.028924010694026947,0.0003,15,2.670976161956787
90.69728088378906,525167,4347.062994929999,805.99,33133,-326.5533752441406,525066,2790,0.028885971754789352,0.0003,15,9.2989501953125
56.7081184387207,535167,4577.37391265,847.29,33261,-344.55230712890625,535066,2800,0.029538258910179138,0.0003,16,-8.068181991577148
63.2386589050293,544374,4739.85245342,877.45,33380,-344.2236328125,544273,2810,0.02928096055984497,0.0003,16,0.8038054704666138
67.8975601196289,553613,4798.3245835299995,887.84,33499,-357.0046691894531,553512,2820,0.029504859820008278,0.0003,16,-1.1272611618041992
44.15697479248047,563613,4873.8015713800005,901.52,33629,-359.58026123046875,563512,2830,0.02895478345453739,0.0003,16,-9.051045417785645
90.49122619628906,573613,4991.89322211,922.85,33761,-348.60491943359375,573512,2840,0.02928496152162552,0.0003,16,2.8799448013305664
60.44659423828125,582778,5014.89054766,926.44,33886,-367.5992126464844,582677,2850,0.028593281283974648,0.0003,17,-6.439208984375
60.25811767578125,592778,5176.55297206,955.98,34016,-359.7556457519531,592677,2860,0.028288323432207108,0.0003,17,3.3777379989624023
62.113914489746094,602099,5149.75105953,951.43,34137,-359.5699462890625,601998,2870,0.02953742817044258,0.0003,17,3.1998374462127686
74.60780334472656,612099,5235.80957465,966.47,34271,-377.2354736328125,611998,2880,0.027459345757961273,0.0003,17,-3.14343523979187
75.46491241455078,620311,5161.01528815,951.44,34381,-368.54681396484375,620210,2890,0.027837971225380898,0.0003,18,2.475480079650879
69.73603820800781,629556,5119.77557962,943.89,34501,-364.8566589355469,629455,2900,0.028086813166737556,0.0003,18,-2.710434913635254
78.83174133300781,639374,5154.3556689,950.0,34625,-378.6134948730469,639273,2910,0.028000712394714355,0.0003,18,-0.8779871463775635
70.91648864746094,648587,5152.8635641500005,949.74,34741,-367.40582275390625,648486,2920,0.027862925082445145,0.0003,18,-1.918982744216919
76.43392181396484,658239,5133.86512423,946.26,34864,-374.5438232421875,658138,2930,0.028167564421892166,0.0003,18,8.408439636230469
63.135047912597656,668148,5128.78071402,945.35,34992,-374.03131103515625,668047,2940,0.026581766083836555,0.0003,19,3.497828960418701
64.37159729003906,677314,5130.39256673,945.36,35109,-381.8221435546875,677213,2950,0.027314724400639534,0.0003,19,5.031903266906738
64.361328125,687314,5140.476804319999,945.36,35237,-381.4403991699219,687213,2960,0.025909582152962685,0.0003,19,3.504227638244629
62.7160758972168,697314,5183.842419299999,952.15,35365,-382.8056335449219,697213,2970,0.02596985548734665,0.0003,19,-1.8008801937103271
56.36046600341797,706604,5149.62904892,945.05,35485,-397.3428955078125,706503,2980,0.025803744792938232,0.0003,19,-3.624058246612549
46.11375427246094,716454,5245.80820202,961.43,35612,-390.2581787109375,716353,2990,0.02544286474585533,0.0003,20,2.3542418479919434
53.701171875,725987,5267.65203085,964.31,35739,-394.526611328125,725886,3000,0.02566772699356079,0.0003,20,-4.735203742980957
68.29237365722656,735872,5276.69643104,964.98,35873,-411.3851013183594,735771,3010,0.026664109900593758,0.0003,20,-5.093517303466797
74.03216552734375,745076,5279.40930912,964.89,35998,-391.62127685546875,744975,3020,0.02542872168123722,0.0003,20,1.5322675704956055
53.83934020996094,754682,5274.564701519999,964.43,36126,-398.6907958984375,754581,3030,0.02456679381430149,0.0003,20,2.0333733558654785
82.16818237304688,763231,5199.56659424,950.83,36236,-408.0111389160156,763130,3040,0.025132283568382263,0.0003,21,1.928877353668213
56.95196533203125,771174,5130.23738608,938.6,36339,-395.5885009765625,771073,3050,0.023873867467045784,0.0003,21,2.2926647663116455
60.597686767578125,778689,4994.68688428,913.75,36438,-413.037353515625,778588,3060,0.024341216310858727,0.0003,21,-3.4308712482452393
55.36981964111328,788689,4984.96069351,913.75,36569,-406.3369445800781,788588,3070,0.025283602997660637,0.0003,21,1.4117236137390137
48.93999481201172,798536,5008.41203381,919.32,36697,-417.11553955078125,798435,3080,0.02419712021946907,0.0003,21,-6.94318962097168
52.1199951171875,807913,4981.63610645,914.59,36821,-390.2271728515625,807812,3090,0.025307312607765198,0.0003,21,9.240995407104492
39.817466735839844,817913,5005.0704874699995,919.26,36951,-421.39837646484375,817812,3100,0.02405613474547863,0.0003,22,-6.814615249633789
56.22853088378906,827134,4966.8456234,912.62,37069,-402.6748046875,827033,3110,0.02365647442638874,0.0003,22,2.5952630043029785
52.25636291503906,836081,4957.53165908,910.05,37182,-408.08697509765625,835980,3120,0.022938653826713562,0.0003,22,4.220336437225342
41.280601501464844,845439,4948.29077651,907.57,37301,-401.95904541015625,845338,3130,0.023527223616838455,0.0003,22,2.6691231727600098
43.18528366088867,855439,5030.67676194,922.08,37428,-421.6603088378906,855338,3140,0.02378171682357788,0.0003,22,-4.33517599105835
67.5079345703125,865439,5145.5770251799995,942.65,37553,-395.55291748046875,865338,3150,0.0240163654088974,0.0003,23,5.219732761383057
43.039894104003906,875203,5265.500275630001,965.14,37675,-406.4722900390625,875102,3160,0.024071848019957542,0.0003,23,-2.4485766887664795
66.42708587646484,884442,5224.976075189999,957.53,37790,-417.61138916015625,884341,3170,0.022463686764240265,0.0003,23,3.4911818504333496
45.04570007324219,893893,5204.06597922,953.57,37908,-419.2822265625,893792,3180,0.023595713078975677,0.0003,23,-1.8097152709960938
154.24050903320312,901647,5100.989322270001,937.34,38006,-430.8351745605469,901546,3190,0.025522368028759956,0.0003,23,6.247593879699707
75.88406372070312,906433,4802.02242851,885.2,38066,-425.02532958984375,906332,3200,0.024993836879730225,0.0003,23,-2.5801374912261963
61.15979766845703,912973,4643.726210530001,858.39,38149,-425.70306396484375,912872,3210,0.02410784922540188,0.0003,23,0.02306753396987915
50.28911209106445,922973,4684.3054025599995,868.92,38274,-421.25518798828125,922872,3220,0.022140763700008392,0.0003,24,-8.703693389892578
42.13264846801758,932197,4671.36831085,867.58,38389,-425.26715087890625,932096,3230,0.022153103724122047,0.0003,24,-4.758541584014893
46.08295440673828,941351,4617.82888288,859.12,38507,-416.98382568359375,941250,3240,0.022007783874869347,0.0003,24,4.169738292694092
68.34862518310547,951351,4614.74270012,859.12,38636,-422.82794189453125,951250,3250,0.021580196917057037,0.0003,24,-0.7922297716140747
62.262699127197266,960499,4583.88584428,852.96,38751,-421.0718078613281,960398,3260,0.02004643902182579,0.0003,24,4.512145042419434
59.33195495605469,970123,4599.3622338899995,856.81,38874,-430.70782470703125,970022,3270,0.021092327311635017,0.0003,24,-1.1457254886627197
57.71141052246094,980123,4633.5898298600005,862.3,39002,-419.2439270019531,980022,3280,0.02156963013112545,0.0003,25,10.806636810302734
50.72111511230469,990123,4758.148688980001,884.76,39128,-441.4434509277344,990022,3290,0.020289188250899315,0.0003,25,-6.535208225250244
66.55323028564453,1000123,5058.40711423,936.9,39254,-397.1553955078125,1000022,3300,0.020376864820718765,0.0003,25,11.363865852355957
56.149288177490234,1009389,5228.0796818399995,964.16,39370,-423.0469970703125,1009288,3310,0.01930280774831772,0.0003,25,5.731815338134766
41.191680908203125,1018966,5219.81783367,959.93,39491,-426.9799499511719,1018865,3320,0.0202754195779562,0.0003,25,5.555019855499268
54.799293518066406,1028643,5257.2995152,964.46,39612,-448.37933349609375,1028542,3330,0.019143013283610344,0.0003,25,0.9122824668884277
41.196929931640625,1038372,5296.2150046,970.21,39735,-444.026611328125,1038271,3340,0.018417373299598694,0.0003,26,0.9398571252822876
23.695743560791016,1048372,5302.7953493800005,970.21,39859,-452.2856750488281,1048271,3350,0.018404854461550713,0.0003,26,-12.692344665527344
23.542022705078125,1058372,5357.24986506,978.73,39984,-443.009033203125,1058271,3360,0.017728161066770554,0.0003,26,4.612306118011475
42.42583465576172,1067582,5355.276098269999,974.59,40100,-439.3739318847656,1067481,3370,0.018801921978592873,0.0003,26,2.8707849979400635
27.471891403198242,1077582,5359.2129037,974.59,40226,-462.4290466308594,1077481,3380,0.0172465518116951,0.0003,26,-2.637716293334961
27.672672271728516,1087582,5364.523932259999,974.59,40351,-471.34576416015625,1087481,3390,0.016459930688142776,0.0003,26,-3.9161183834075928
26.029003143310547,1096858,5328.797529360001,967.35,40467,-466.1957092285156,1096757,3400,0.016075171530246735,0.0003,27,-4.411978244781494
22.246898651123047,1105102,5268.043874049999,957.13,40569,-461.5595703125,1105001,3410,0.015345203690230846,0.0003,27,-5.044835090637207
24.068466186523438,1113535,5206.27424583,945.69,40674,-460.4646911621094,1113434,3420,0.015606541186571121,0.0003,27,1.6752161979675293
36.67673873901367,1123377,5209.83460668,947.34,40799,-464.273681640625,1123276,3430,0.015526309609413147,0.0003,27,9.28696060180664
55.17654800415039,1132150,5161.620414410001,937.78,40909,-468.9486389160156,1132049,3440,0.014689987525343895,0.0003,27,4.1187028884887695
32.932594299316406,1140570,5080.922771189999,921.98,41015,-479.8509826660156,1140469,3450,0.014667337760329247,0.0003,27,-7.362089157104492
22.912960052490234,1149472,5015.1916544999995,911.0,41126,-477.5518798828125,1149371,3460,0.01399746723473072,0.0003,27,-0.7289767265319824
40.518531799316406,1158255,4994.56437957,906.73,41235,-468.9902648925781,1158154,3470,0.014654411934316158,0.0003,28,-2.7745449542999268
39.651058197021484,1168065,4987.31763166,904.83,41357,-471.66510009765625,1167964,3480,0.014610997401177883,0.0003,28,5.925907135009766
28.635486602783203,1177771,4987.289765630001,901.89,41478,-487.0114440917969,1177670,3490,0.013566020876169205,0.0003,28,-8.455619812011719
29.46805191040039,1185626,4897.900086029999,887.68,41576,-484.76129150390625,1185525,3500,0.01418344210833311,0.0003,28,-6.578091621398926
22.433551788330078,1193401,4881.988984879999,882.99,41672,-483.3385009765625,1193300,3510,0.01451840065419674,0.0003,28,-3.6498889923095703
23.433218002319336,1202206,4917.17155894,886.71,41783,-489.1612243652344,1202105,3520,0.014073998667299747,0.0003,28,-2.653491258621216
16.828886032104492,1210502,4847.69059744,871.25,41886,-493.87884521484375,1210401,3530,0.014233272522687912,0.0003,28,-10.001333236694336
22.3791446685791,1219036,4840.38809659,868.86,41993,-482.25848388671875,1218935,3540,0.013556864112615585,0.0003,29,1.7000453472137451
34.81415557861328,1226948,4809.0564619,863.78,42093,-484.5420227050781,1226847,3550,0.013492290861904621,0.0003,29,5.714966297149658
20.47591781616211,1236148,4838.36590942,866.76,42208,-494.95587158203125,1236047,3560,0.013474365696310997,0.0003,29,5.335107803344727
24.969215393066406,1244852,4826.55035267,865.97,42316,-492.10198974609375,1244751,3570,0.013974085450172424,0.0003,29,-1.6269614696502686
23.902069091796875,1253649,4774.299864739999,855.84,42427,-504.2033996582031,1253548,3580,0.013616695068776608,0.0003,29,-2.031665086746216
23.588123321533203,1261059,4641.85240397,832.88,42522,-491.7645568847656,1260958,3590,0.01310769747942686,0.0003,29,1.1918768882751465
19.759531021118164,1269752,4700.55618427,841.26,42633,-490.2427673339844,1269651,3600,0.012684349901974201,0.0003,29,-7.968649387359619
27.092573165893555,1278465,4745.46906702,850.64,42742,-490.0477294921875,1278364,3610,0.013020938262343407,0.0003,29,-1.4393556118011475
24.581485748291016,1286430,4681.86104197,842.24,42844,-499.416015625,1286329,3620,0.01329154521226883,0.0003,30,4.410349369049072
13.072800636291504,1295064,4691.9997171800005,845.62,42953,-500.16741943359375,1294963,3630,0.01287042535841465,0.0003,30,-6.634319305419922
27.56572151184082,1303827,4721.41698779,847.91,43063,-502.10040283203125,1303726,3640,0.012456427328288555,0.0003,30,2.626746892929077
20.796037673950195,1312751,4793.8684072,858.03,43175,-497.90740966796875,1312650,3650,0.012281103990972042,0.0003,30,-2.3965492248535156
36.840606689453125,1322095,4810.8719233,859.47,43292,-504.35504150390625,1321994,3660,0.012043812312185764,0.0003,30,-7.609663963317871
32.519493103027344,1330611,4814.355506339999,857.59,43400,-504.0020751953125,1330510,3670,0.01168212853372097,0.0003,30,0.9213247299194336
16.55215072631836,1340132,4861.9241232800005,864.83,43518,-493.2475280761719,1340031,3680,0.01217521633952856,0.0003,30,-1.07068932056427
21.035890579223633,1349597,4983.2833410700005,885.38,43636,-501.11395263671875,1349496,3690,0.012426716275513172,0.0003,30,3.1738460063934326
25.323863983154297,1358870,5029.16217498,891.18,43753,-506.92645263671875,1358769,3700,0.012011099606752396,0.0003,31,1.6930806636810303
23.902555465698242,1368760,5106.845440690001,902.95,43878,-503.870361328125,1368659,3710,0.012307444587349892,0.0003,31,5.530022144317627
12.835396766662598,1376817,5134.68725396,903.87,43978,-504.06494140625,1376716,3720,0.012160200625658035,0.0003,31,-8.01413345336914
29.804658889770508,1386478,5203.21335679,914.14,44099,-502.64093017578125,1386377,3730,0.012472843751311302,0.0003,31,7.622607231140137
25.457229614257812,1395464,5209.78872337,916.37,44211,-509.0118713378906,1395363,3740,0.012131660245358944,0.0003,31,2.5848846435546875
17.065563201904297,1403761,5172.15219842,910.1,44314,-511.315673828125,1403660,3750,0.012165548279881477,0.0003,31,-1.1868172883987427
39.52777099609375,1412664,5131.3743853000005,905.69,44424,-509.50152587890625,1412563,3760,0.013144939206540585,0.0003,31,4.84970760345459
14.98228645324707,1421863,5171.44274085,912.52,44538,-510.7912292480469,1421762,3770,0.012519214302301407,0.0003,31,3.07509446144104
14.338058471679688,1431186,5161.32051434,910.54,44655,-513.760986328125,1431085,3780,0.012281572446227074,0.0003,32,-11.966740608215332
26.872453689575195,1438093,5017.608671270001,884.96,44742,-513.02978515625,1437992,3790,0.01191073190420866,0.0003,32,-6.383559226989746
78.2314682006836,1447893,5041.80880809,890.23,44870,-510.9985046386719,1447792,3800,0.013125240802764893,0.0003,32,-3.4817214012145996
16.24983787536621,1456278,4953.125708879999,875.18,44977,-511.88250732421875,1456177,3810,0.01302370149642229,0.0003,32,-9.258576393127441
18.80728530883789,1465733,5011.79634407,889.16,45097,-507.873779296875,1465632,3820,0.013037079945206642,0.0003,32,3.3888518810272217
21.949199676513672,1474903,4980.46008038,884.25,45214,-507.8057861328125,1474802,3830,0.012499970383942127,0.0003,32,5.3832597732543945
21.27113914489746,1484903,5039.8148917299995,894.39,45343,-506.9249267578125,1484802,3840,0.012946509756147861,0.0003,32,-4.977353096008301
14.768512725830078,1494808,5136.2046129499995,910.47,45468,-511.50091552734375,1494707,3850,0.01210907381027937,0.0003,32,2.0266692638397217
20.35901641845703,1504310,5192.15427165,916.46,45588,-509.5401916503906,1504209,3860,0.012423878535628319,0.0003,32,-1.51105797290802
24.423585891723633,1513648,5219.26722471,917.85,45714,-510.69610595703125,1513547,3870,0.012391669675707817,0.0003,33,8.18391227722168
22.48044776916504,1521095,5139.44103015,899.09,45813,-513.9917602539062,1520994,3880,0.012992571108043194,0.0003,33,-1.8816288709640503
16.99818992614746,1529676,5258.515134300001,915.83,45928,-509.32989501953125,1529575,3890,0.012728968635201454,0.0003,33,5.321895599365234
22.06358528137207,1538037,5190.71148778,901.44,46038,-507.77685546875,1537936,3900,0.01339814905077219,0.0003,33,-3.6161394119262695
15.84366226196289,1547693,5285.012125349999,914.15,46164,-512.0184326171875,1547592,3910,0.013212624937295914,0.0003,33,-4.861405372619629
21.704429626464844,1556922,5294.17903515,911.89,46283,-513.9960327148438,1556821,3920,0.013722137548029423,0.0003,33,-6.046105861663818
17.453006744384766,1565983,5304.754642039999,910.8,46396,-513.286376953125,1565882,3930,0.012979158200323582,0.0003,33,-6.474887847900391
19.14185905456543,1575810,5307.671359190001,909.07,46517,-515.8604736328125,1575709,3940,0.01334463432431221,0.0003,33,-1.691340684890747
26.707422256469727,1584420,5261.6812094199995,896.12,46624,-515.957275390625,1584319,3950,0.013438163325190544,0.0003,33,1.471369743347168
18.83623504638672,1594420,5302.538242930001,901.1,46750,-513.4439697265625,1594319,3960,0.013614201918244362,0.0003,34,3.2504031658172607
13.340707778930664,1604420,5346.306783010001,907.72,46873,-515.909912109375,1604319,3970,0.013489228673279285,0.0003,34,-0.5169281959533691
18.47193145751953,1613070,5427.612592199999,919.75,46981,-516.9613037109375,1612969,3980,0.013041102327406406,0.0003,34,-6.4872941970825195
68.13330078125,1621761,5444.85377419,920.85,47092,-510.6468505859375,1621660,3990,0.012832670472562313,0.0003,34,-5.053260803222656
29.422027587890625,1630345,5459.1827146000005,923.08,47204,-513.48291015625,1630244,4000,0.013556773774325848,0.0003,34,-2.2318496704101562
25.49271011352539,1639695,5440.9196323000015,920.02,47326,-514.7586059570312,1639594,4010,0.013137945905327797,0.0003,34,3.5955371856689453
16.675430297851562,1649695,5494.594238120001,927.73,47458,-513.3267822265625,1649594,4020,0.012171466834843159,0.0003,34,-0.9509285688400269
9.21953010559082,1659668,5553.00114836,936.85,47592,-521.21142578125,1659567,4030,0.012750837951898575,0.0003,34,-7.8533806800842285
15.381874084472656,1668162,5484.386289799998,923.52,47699,-517.635498046875,1668061,4040,0.012819936498999596,0.0003,34,-7.3242387771606445
14.810565948486328,1678154,5572.02608956,937.34,47826,-515.2979736328125,1678053,4050,0.012661345303058624,0.0003,35,0.5458559989929199
24.642101287841797,1686167,5458.70867502,917.47,47925,-514.7340087890625,1686066,4060,0.01318537350744009,0.0003,35,4.14989709854126
11.363578796386719,1695461,5434.024625939999,910.41,48038,-517.88916015625,1695360,4070,0.013343210332095623,0.0003,35,0.8459886312484741
19.763286590576172,1704628,5466.93534046,915.58,48157,-520.7528686523438,1704527,4080,0.013186518102884293,0.0003,35,-4.709270000457764
23.133426666259766,1713696,5507.887950790001,919.35,48273,-515.22802734375,1713595,4090,0.013655128888785839,0.0003,35,3.0634896755218506
16.76482391357422,1722675,5571.206740819999,923.3,48386,-518.2962646484375,1722574,4100,0.013858404010534286,0.0003,35,-3.8260140419006348
39.24542236328125,1730272,5499.91152961,905.77,48482,-515.5543212890625,1730171,4110,0.014282085932791233,0.0003,35,1.547404170036316
29.175878524780273,1739522,5490.509558570001,898.27,48601,-514.6295776367188,1739421,4120,0.014157913625240326,0.0003,35,8.167556762695312
14.733638763427734,1747866,5409.491467180002,881.98,48705,-517.323974609375,1747765,4130,0.014358139596879482,0.0003,35,1.9512913227081299
43.50344467163086,1756606,5433.162715189999,884.44,48814,-520.8187255859375,1756505,4140,0.015161053277552128,0.0003,35,1.4917683601379395
16.929025650024414,1766574,5449.19817446,884.2,48940,-513.2269287109375,1766473,4150,0.015016374178230762,0.0003,36,-4.779175758361816
20.057437896728516,1776574,5592.181670179999,904.07,49061,-518.715087890625,1776473,4160,0.014995637349784374,0.0003,36,-0.4979987144470215
15.814897537231445,1785877,5600.0185029799995,904.16,49177,-517.4813232421875,1785776,4170,0.016014738008379936,0.0003,36,-3.6553380489349365
26.228408813476562,1794342,5565.032905359999,897.14,49282,-519.6340942382812,1794241,4180,0.01477391179651022,0.0003,36,-6.204793453216553
27.402263641357422,1802822,5530.290301150001,891.26,49387,-519.26708984375,1802721,4190,0.015420776791870594,0.0003,36,0.9158627986907959
29.556032180786133,1812822,5606.513278570001,901.47,49509,-518.0003662109375,1812721,4200,0.015207008458673954,0.0003,36,7.395202159881592
17.469213485717773,1821895,5706.117494,916.23,49622,-520.710205078125,1821794,4210,0.015344156883656979,0.0003,36,-2.965099811553955
82.62408447265625,1831763,5763.031083100001,922.41,49742,-519.4539794921875,1831662,4220,0.015771692618727684,0.0003,36,-4.585289001464844
15.169681549072266,1841763,5899.924564780001,938.97,49863,-521.6434326171875,1841662,4230,0.015700485557317734,0.0003,36,-4.259984493255615
14.043988227844238,1850444,5922.65552846,938.38,49974,-523.1129150390625,1850343,4240,0.01598888635635376,0.0003,37,1.110130786895752
22.953357696533203,1858900,5843.36836133,923.26,50078,-518.1774291992188,1858799,4250,0.01628248579800129,0.0003,37,3.8890230655670166
17.745681762695312,1868386,5836.921772859999,918.12,50196,-525.7162475585938,1868285,4260,0.01714848354458809,0.0003,37,0.08657336235046387
35.47380828857422,1877206,5830.783779650001,913.29,50310,-519.4776611328125,1877105,4270,0.017739281058311462,0.0003,37,6.120497703552246
18.601455688476562,1885139,5818.357592250001,907.97,50413,-526.4874267578125,1885038,4280,0.018052665516734123,0.0003,37,2.89164400100708
20.222620010375977,1894047,5863.673425850001,912.25,50528,-523.385986328125,1893946,4290,0.017745008692145348,0.0003,37,-0.35328102111816406
24.315404891967773,1903337,5824.188047760001,905.15,50648,-522.4561157226562,1903236,4300,0.017884602770209312,0.0003,37,-4.022332668304443
14.230177879333496,1912506,5840.733689460001,906.11,50766,-521.3994750976562,1912405,4310,0.018226781859993935,0.0003,37,-3.609920024871826
24.17972755432129,1922234,5840.522197650001,904.71,50884,-522.4906005859375,1922133,4320,0.01871829479932785,0.0003,37,1.396718144416809
39.768131256103516,1932201,5848.09527407,904.38,51009,-524.5726318359375,1932100,4330,0.019634488970041275,0.0003,37,1.2071409225463867
13.588729858398438,1942201,5946.558665419999,917.57,51134,-525.5054321289062,1942100,4340,0.019766194745898247,0.0003,37,3.6957314014434814
32.85504913330078,1951883,6037.252904979999,929.83,51252,-522.7803344726562,1951782,4350,0.02015370875597,0.0003,38,4.888242244720459
26.377849578857422,1961883,6079.888007629999,934.97,51378,-528.0146484375,1961782,4360,0.02020186372101307,0.0003,38,1.9433305263519287
25.058330535888672,1970445,6068.55192753,932.39,51487,-532.5916748046875,1970344,4370,0.019968204200267792,0.0003,38,-4.998353958129883
22.464244842529297,1980445,6213.111321009999,953.06,51613,-526.4364624023438,1980344,4380,0.019842427223920822,0.0003,38,0.059972524642944336
33.74153137207031,1990140,6276.296897509999,960.93,51736,-524.7398071289062,1990039,4390,0.020876506343483925,0.0003,38,4.142939567565918
38.689361572265625,1998542,6230.255196,952.05,51845,-531.6466064453125,1998441,4400,0.02114194445312023,0.0003,38,-5.832874774932861
43.57699203491211,2008542,6293.81423657,960.36,51972,-528.1303100585938,2008441,4410,0.021890657022595406,0.0003,38,-1.2937841415405273
61.583473205566406,2017811,6264.1442886899995,955.77,52090,-530.5650634765625,2017710,4420,0.020864762365818024,0.0003,38,6.2323784828186035
32.601173400878906,2026195,6156.339076620003,939.94,52197,-529.1508178710938,2026094,4430,0.022754158824682236,0.0003,38,5.35222053527832
54.62420654296875,2036195,6164.97150497,939.94,52325,-534.24755859375,2036094,4440,0.022543998435139656,0.0003,38,0.94569993019104
19.223487854003906,2044481,6074.356846660001,925.98,52431,-535.0125122070312,2044380,4450,0.022678015753626823,0.0003,38,-0.3883826732635498
28.980026245117188,2053670,6020.90829996,917.87,52546,-534.6196899414062,2053569,4460,0.023024171590805054,0.0003,39,0.051116228103637695
19.353254318237305,2063175,6081.890232809999,927.3,52663,-535.90185546875,2063074,4470,0.02347651496529579,0.0003,39,2.3005259037017822
66.17316436767578,2072236,6014.48344151,917.91,52778,-536.064208984375,2072135,4480,0.022312479093670845,0.0003,39,1.1547315120697021
16.34461212158203,2081434,5967.73300324,912.94,52896,-537.7139282226562,2081333,4490,0.02381676249206066,0.0003,39,0.8158526420593262
24.642047882080078,2091434,6055.991392300001,928.92,53024,-539.31640625,2091333,4500,0.02261226624250412,0.0003,39,2.2051753997802734
28.05536651611328,2101434,6054.373251950001,928.92,53150,-536.4342041015625,2101333,4510,0.023656660690903664,0.0003,39,-0.3062106966972351
23.699356079101562,2111202,6092.745704950003,933.91,53275,-546.435791015625,2111101,4520,0.024479838088154793,0.0003,39,-4.310665607452393
37.909828186035156,2120240,6140.178731700002,940.45,53390,-539.7225952148438,2120139,4530,0.02359011024236679,0.0003,39,-0.8927129507064819
15.98566722869873,2130240,6135.28897097,940.45,53516,-544.9701538085938,2130139,4540,0.02314477041363716,0.0003,39,1.628260850906372
24.090526580810547,2140240,6255.200512039999,957.59,53643,-540.84423828125,2140139,4550,0.02433055266737938,0.0003,39,-4.907829761505127
13.259176254272461,2150240,6318.508659790001,965.7,53776,-551.8880615234375,2150139,4560,0.023523977026343346,0.0003,39,-2.9305672645568848
22.982948303222656,2160240,6365.5599587299985,970.65,53902,-550.998046875,2160139,4570,0.023531852290034294,0.0003,40,-3.938781976699829
22.559127807617188,2170240,6446.897742110001,980.04,54026,-547.4154052734375,2170139,4580,0.02321200631558895,0.0003,40,0.9360010623931885
16.720191955566406,2180240,6534.803128240002,988.06,54145,-552.201904296875,2180139,4590,0.023609289899468422,0.0003,40,2.7422542572021484
39.760650634765625,2190240,6578.8362885999995,988.06,54273,-552.8775634765625,2190139,4600,0.024330273270606995,0.0003,40,1.1891822814941406
34.996490478515625,2200240,6610.40571968,988.06,54401,-559.6934204101562,2200139,4610,0.024199845269322395,0.0003,40,-0.7465149164199829
45.07060241699219,2210240,6647.738369560002,990.38,54527,-555.2734375,2210139,4620,0.024554084986448288,0.0003,40,2.26812744140625
22.915971755981445,2220240,6744.729374769999,1000.0,54655,-557.4537963867188,2220139,4630,0.02319486439228058,0.0003,40,2.629732370376587
23.339336395263672,2230240,6776.607306479999,1000.0,54785,-560.6748046875,2230139,4640,0.024681715294718742,0.0003,40,1.9340150356292725
16.34805679321289,2240240,6798.595873700002,1000.0,54915,-566.1251220703125,2240139,4650,0.025229234248399734,0.0003,40,-0.44126856327056885
20.976573944091797,2250193,6821.260471640001,999.53,55042,-570.7001953125,2250092,4660,0.024408556520938873,0.0003,40,-1.4948968887329102
18.68181037902832,2259706,6808.061451010001,994.66,55167,-567.2672119140625,2259605,4670,0.02365105412900448,0.0003,40,2.934131145477295
20.334749221801758,2269112,6785.161874229999,988.72,55289,-573.4273071289062,2269011,4680,0.024463806301355362,0.0003,41,-0.8962795734405518
12.960942268371582,2278804,6778.31744499,985.64,55416,-574.7095336914062,2278703,4690,0.024335499852895737,0.0003,41,-0.65351402759552
17.360702514648438,2288804,6785.76053898,985.64,55545,-578.4415893554688,2288703,4700,0.025266405194997787,0.0003,41,-1.8728662729263306
20.056596755981445,2298804,6789.879911970002,985.64,55675,-573.885986328125,2298703,4710,0.025386296212673187,0.0003,41,-2.762580633163452
10.497088432312012,2308804,6799.553440849999,985.64,55805,-576.57080078125,2308703,4720,0.02466673217713833,0.0003,41,-1.4368746280670166
18.082462310791016,2318229,6763.15384438,979.89,55927,-577.178466796875,2318128,4730,0.024553414434194565,0.0003,41,4.438870429992676
56.62275695800781,2327978,6755.3787006600005,977.38,56054,-580.44873046875,2327877,4740,0.025594566017389297,0.0003,41,1.4001097679138184
10.548967361450195,2337978,6763.168953510001,977.38,56181,-583.2940673828125,2337877,4750,0.026459932327270508,0.0003,41,-2.165656089782715
11.105621337890625,2347978,6771.802606109999,977.85,56303,-582.1744384765625,2347877,4760,0.025157898664474487,0.0003,41,-4.333829879760742
10.350042343139648,2357978,6815.680932900001,982.72,56437,-585.6102294921875,2357877,4770,0.02699129842221737,0.0003,41,-1.1123063564300537
18.791236877441406,2367978,6865.463556659999,988.66,56571,-583.1799926757812,2367877,4780,0.02700743079185486,0.0003,41,0.10713031888008118
18.08761978149414,2377978,6888.663908640002,991.74,56699,-586.3265380859375,2377877,4790,0.027220789343118668,0.0003,41,-2.4157795906066895
10.657414436340332,2386524,6792.11935257,977.2,56815,-589.048828125,2386423,4800,0.026920199394226074,0.0003,42,-2.0198006629943848
13.123743057250977,2396524,6807.845870019998,977.2,56945,-589.8735961914062,2396423,4810,0.027511894702911377,0.0003,42,-2.053934335708618
23.08461570739746,2406524,6817.508629110001,977.2,57075,-586.1906127929688,2406423,4820,0.0277654230594635,0.0003,42,2.4469804763793945
