train/n_updates,train/policy_gradient_loss,train/entropy_loss,train/std,train/loss,time/total_timesteps,train/explained_variance,train/value_loss,train/clip_range,time/iterations,rollout/ep_len_mean,train/clip_fraction,rollout/ep_rew_mean,time/fps,train/approx_kl,time/time_elapsed,train/learning_rate
90,-0.07826661808649078,-23.941742533445357,0.989680826663971,603.9517211914062,20480,0.0056153536,1256.8606924057008,0.2,10,30.55,0.43798828125,151.69063537,134,0.05266296,152,0.0003
190,-0.04858983835147228,-23.838723117113112,0.983426034450531,842.6917724609375,40960,0.2391426,1709.0620727539062,0.2,20,47.08,0.14326171875,234.63983700000006,107,0.01669871,380,0.0003
290,-0.04878194144985173,-23.71740728020668,0.9770323634147644,740.6565551757812,61440,0.39309418,1609.4596038818358,0.2,30,60.31,0.194921875,302.63350579999997,98,0.02413377,625,0.0003
390,-0.04686903881374747,-23.647199696302415,0.9734400510787964,866.2854614257812,81920,0.58015645,1382.112310028076,0.2,40,63.83,0.189013671875,322.84433238,94,0.025633346,863,0.0003
490,-0.04410437097249087,-23.564779549837112,0.9681744575500488,407.6353759765625,102400,0.7039131,974.295504951477,0.2,50,66.46,0.18037109375,336.86860993999994,92,0.024854612,1104,0.0003
590,-0.04200135105929803,-23.51398097872734,0.9664108157157898,200.42091369628906,122880,0.80914915,625.0559336662293,0.2,60,66.12,0.179150390625,343.9687997300001,91,0.022597019,1350,0.0003
690,-0.038238077159621756,-23.42787299156189,0.9617371559143066,144.91384887695312,143360,0.82462025,575.0621152877808,0.2,70,68.92,0.149658203125,353.8711777600001,90,0.018713335,1588,0.0003
790,-0.03943901958700735,-23.348903548717498,0.9569215178489685,255.85891723632812,163840,0.827368,570.4042930603027,0.2,80,70.89,0.184521484375,361.66266154,88,0.023346877,1846,0.0003
890,-0.034574980425531976,-23.258231908082962,0.9524198174476624,255.53768920898438,184320,0.8437668,620.3265766143799,0.2,90,70.44,0.13603515625,353.98434154,88,0.0186518,2078,0.0003
990,-0.038291841532918626,-23.202259224653243,0.9488292336463928,169.1681671142578,204800,0.8462083,566.9372007846832,0.2,100,74.65,0.164599609375,377.4683760700001,88,0.020772869,2314,0.0003
1090,-0.0375077487580711,-23.094449210166932,0.9427670836448669,189.3966064453125,225280,0.82374567,530.2025350093842,0.2,110,71.26,0.16787109375,360.4116119100001,87,0.022261387,2576,0.0003
1190,-0.039527498545066916,-23.01856937408447,0.9391176700592041,210.9685516357422,245760,0.853235,465.2859233856201,0.2,120,75.19,0.20625,381.49193335999996,86,0.029967938,2836,0.0003
1290,-0.04310718808555976,-22.931935930252074,0.9342916011810303,128.39259338378906,266240,0.86707914,411.4968767642975,0.2,130,73.8,0.194091796875,373.48178965999995,86,0.025084808,3075,0.0003
1390,-0.038487600462394765,-22.90037350654602,0.933057427406311,190.35256958007812,286720,0.8720933,423.8127094268799,0.2,140,72.04,0.189990234375,364.32217168000005,86,0.02563988,3326,0.0003
1490,-0.03818027936213184,-22.816747152805327,0.9290745854377747,121.01242065429688,307200,0.91450727,335.3384296417236,0.2,150,70.54,0.18974609375,359.486019,85,0.027904853,3577,0.0003
1590,-0.03834265351470094,-22.74495984315872,0.9249985218048096,158.4627685546875,327680,0.9096364,410.8165060520172,0.2,160,76.63,0.184326171875,387.6289159,85,0.025180764,3831,0.0003
1690,-0.040914649161277336,-22.713650822639465,0.9237123727798462,147.564697265625,348160,0.895311,379.8001301288605,0.2,170,79.37,0.212255859375,399.3629368,85,0.031230023,4069,0.0003
1790,-0.03998227488918928,-22.63709037899971,0.919395923614502,181.5281982421875,368640,0.9119322,400.3603682041168,0.2,180,74.94,0.1908203125,380.73566686999993,85,0.026484571,4321,0.0003
1890,-0.03872705612739082,-22.506743144989013,0.9128178358078003,171.72164916992188,389120,0.89276403,404.6238178730011,0.2,190,73.07,0.202001953125,372.15676506999995,84,0.030694887,4583,0.0003
1990,-0.03572556677245302,-22.36549255847931,0.9057254791259766,239.74342346191406,409600,0.90366596,435.8009581565857,0.2,200,78.49,0.17685546875,394.2296544600001,18,0.025993556,22478,0.0003
2090,-0.04254201335716061,-22.255113941431045,0.9003052115440369,131.5352783203125,430080,0.8976003,430.4952034473419,0.2,210,80.25,0.22021484375,402.79195473000004,19,0.031321496,22613,0.0003
2190,-0.03906361401604954,-22.208263236284257,0.898091733455658,152.1343536376953,450560,0.88600945,421.37407236099244,0.2,220,77.21,0.205126953125,388.07902081,19,0.031754944,22748,0.0003
2290,-0.03953885703813285,-22.12011623978615,0.8937088847160339,121.94097900390625,471040,0.9030496,335.1222009181976,0.2,230,78.39,0.25205078125,400.03788760000003,20,0.04307775,22882,0.0003
2390,-0.03964250496646855,-22.061371886730193,0.890708863735199,163.8586883544922,491520,0.89163357,406.2407176017761,0.2,240,81.67,0.22255859375,416.40522472000004,21,0.030683365,23013,0.0003
2490,-0.039914246706757694,-21.94227591753006,0.8846564888954163,165.74082946777344,512000,0.91447425,382.0491030216217,0.2,250,79.28,0.229736328125,396.8775025199999,22,0.03846663,23143,0.0003
2590,-0.04110693741822615,-21.933994871377944,0.884308397769928,154.51092529296875,532480,0.8921315,447.86252636909484,0.2,260,77.97,0.224755859375,395.84007161,22,0.030164843,23273,0.0003
2690,-0.04289837675460149,-21.881012898683547,0.882427453994751,140.87213134765625,552960,0.87998337,410.60809378623964,0.2,270,78.64,0.242138671875,397.1855839,23,0.039138388,23398,0.0003
2790,-0.041129882645327596,-21.81162873506546,0.8790181279182434,80.14710235595703,573440,0.9072161,354.78968677520754,0.2,280,81.11,0.259130859375,411.09843311,24,0.040558614,23530,0.0003
2890,-0.039200573874404655,-21.678062003850936,0.8722502589225769,95.49896240234375,593920,0.90072083,398.42494254112245,0.2,290,81.52,0.25107421875,412.92992635,25,0.040946558,23657,0.0003
2990,-0.04560238879348617,-21.578709065914154,0.867291271686554,111.60774993896484,614400,0.9167909,321.3526521205902,0.2,300,81.44,0.26875,414.70695463000004,25,0.04208461,23787,0.0003
3090,-0.03710557927843183,-21.447206276655198,0.8612639307975769,122.32295227050781,634880,0.9291914,332.6615539073944,0.2,310,76.82,0.272607421875,391.86268485,26,0.060838062,23921,0.0003
3190,-0.03962132534361444,-21.325256609916686,0.854971170425415,123.07455444335938,655360,0.9134077,349.2327890396118,0.2,320,81.92,0.25185546875,420.28156974999996,27,0.04258471,24055,0.0003
3290,-0.04570166633639019,-21.268354803323746,0.8524547219276428,141.1568603515625,675840,0.9187835,312.85544748306273,0.2,330,78.97,0.291552734375,402.94616424,27,0.04946757,24186,0.0003
3390,-0.041443151731800756,-21.179139107465744,0.8481301665306091,166.50210571289062,696320,0.88977855,392.3052752494812,0.2,340,81.22,0.267578125,418.95339445999997,28,0.04492622,24321,0.0003
3490,-0.04189317207201384,-21.10455897450447,0.8448750972747803,143.1084747314453,716800,0.9171744,376.7788947105408,0.2,350,80.8,0.264501953125,409.6259414,29,0.04834284,24449,0.0003
3590,-0.0391344707692042,-21.083047842979433,0.8437728881835938,116.88081359863281,737280,0.9189332,364.8340723991394,0.2,360,79.08,0.290478515625,403.8476687,29,0.051593,24581,0.0003
3690,-0.04049727803794667,-20.964227372407912,0.8382400274276733,162.986328125,757760,0.9027783,393.33488221168517,0.2,370,85.53,0.253515625,432.13959893,30,0.04706933,24710,0.0003
3790,-0.03941303268657066,-20.903985130786896,0.8350253701210022,105.50991821289062,778240,0.9144687,394.8585196018219,0.2,380,86.13,0.2904296875,438.35846399,31,0.056088217,24839,0.0003
3890,-0.03803392382687889,-20.811488604545595,0.8303919434547424,250.72950744628906,798720,0.90524715,401.43314957618713,0.2,390,84.55,0.27705078125,429.45786724000004,31,0.055948887,24966,0.0003
3990,-0.0400072637363337,-20.73050124645233,0.8270905613899231,166.06158447265625,819200,0.8872438,471.26536388397216,0.2,400,82.13,0.2564453125,420.62621232000015,32,0.045617748,25094,0.0003
4090,-0.042805139793199484,-20.61004517674446,0.8212811946868896,156.63633728027344,839680,0.91445553,339.43832540512085,0.2,410,82.51,0.306396484375,421.41477082000006,33,0.061448332,25224,0.0003
4190,-0.050991979317041115,-20.509621965885163,0.8172789216041565,129.97071838378906,860160,0.9426084,277.4298478841782,0.2,420,82.66,0.3109375,425.63083084,33,0.050644994,25356,0.0003
4290,-0.048269042253377845,-20.45950842499733,0.8155338168144226,147.43045043945312,880640,0.9025743,413.15647468566897,0.2,430,82.12,0.3173828125,416.36933361,34,0.072294705,25487,0.0003
4390,-0.04702844561543316,-20.36334797143936,0.8110619187355042,146.11314392089844,901120,0.92451054,345.270459651947,0.2,440,84.11,0.33232421875,432.6047719900001,35,0.055697825,25621,0.0003
4490,-0.037970328904339115,-20.2795536339283,0.8077498078346252,166.49078369140625,921600,0.8981726,454.67353224754333,0.2,450,85.45,0.2638671875,439.88268106000004,35,0.055684447,25753,0.0003
4590,-0.039084156855824406,-20.21639878153801,0.8040723204612732,157.83697509765625,942080,0.93004143,355.39272966384885,0.2,460,84.91,0.307080078125,438.5609130100001,36,0.06784842,25881,0.0003
4690,-0.03878275568422396,-20.06608589887619,0.7960191369056702,83.61396789550781,962560,0.92988265,257.067471241951,0.2,470,87.69,0.293994140625,448.56499198,31,0.055325594,30586,0.0003
4790,-0.0374595030589262,-20.015849125385284,0.7951042056083679,111.71549987792969,983040,0.93117976,280.3017774105072,0.2,480,84.2,0.34189453125,435.6128461,32,0.08126056,30673,0.0003
4890,-0.044022638106252995,-19.892782580852508,0.7903041839599609,204.1748504638672,1003520,0.9169096,379.27771801948546,0.2,490,83.03,0.29423828125,429.96729922,32,0.05678767,30756,0.0003
4990,-0.04493798128678463,-19.807291781902315,0.7866561412811279,75.9671859741211,1024000,0.93509066,262.0023511648178,0.2,500,87.06,0.358251953125,453.13571845,33,0.07685761,30837,0.0003
5090,-0.0443512611760525,-19.67196204662323,0.7806814908981323,108.64293670654297,1044480,0.91818374,405.3678895950317,0.2,510,86.23,0.276611328125,441.9652777,33,0.056568068,30918,0.0003
5190,-0.04306389971752651,-19.574309998750685,0.7767379879951477,127.22499084472656,1064960,0.9071213,398.8390378475189,0.2,520,88.52,0.299853515625,460.99243114999996,34,0.057721324,31000,0.0003
5290,-0.041829235685872844,-19.53897066116333,0.775126039981842,146.32998657226562,1085440,0.9227778,354.83159470558167,0.2,530,85.76,0.316357421875,440.7317183200001,34,0.078870796,31082,0.0003
5390,-0.047698288105311806,-19.492341935634613,0.7731038331985474,106.09220123291016,1105920,0.9346317,327.57627325057985,0.2,540,86.59,0.35908203125,450.30585289000004,35,0.102047056,31160,0.0003
5490,-0.03904551918094512,-19.499399465322494,0.7744490504264832,125.09061431884766,1126400,0.93113005,336.4207713127136,0.2,550,89.87,0.330126953125,469.2216015799999,36,0.08046886,31238,0.0003
5590,-0.039588527171872556,-19.450668025016785,0.7720315456390381,165.24673461914062,1146880,0.9073401,417.6594913482666,0.2,560,89.39,0.28681640625,463.2145468200001,36,0.06859349,31318,0.0003
5690,-0.03765757761138957,-19.41621036529541,0.7709416151046753,113.29753112792969,1167360,0.91453695,396.26952214241027,0.2,570,88.6,0.30966796875,458.7274466899999,37,0.0791802,31400,0.0003
5790,-0.04622697514132597,-19.288635367155074,0.7649202942848206,136.302734375,1187840,0.9119814,402.4359037399292,0.2,580,87.57,0.337646484375,450.2664763,37,0.07335043,31480,0.0003
5890,-0.03549113105691504,-19.187797784805298,0.7609003782272339,99.80377197265625,1208320,0.9415814,256.68942818641665,0.2,590,88.35,0.379345703125,455.39859974,38,0.09101097,31559,0.0003
5990,-0.03941983681288548,-19.087960106134414,0.7574116587638855,137.85244750976562,1228800,0.9011806,449.91998109817507,0.2,600,87.82,0.311083984375,458.1111309,38,0.08796119,31640,0.0003
6090,-0.040762311258004044,-19.021795719861984,0.7550297975540161,114.41749572753906,1249280,0.9221702,340.7776639223099,0.2,610,89.3,0.33896484375,466.58507116,39,0.09197818,31720,0.0003
6190,-0.04228824369201902,-18.946626716852187,0.7514920234680176,102.34243774414062,1269760,0.9241578,356.8912960529327,0.2,620,92.05,0.308251953125,473.7640377799999,39,0.07245468,31800,0.0003
6290,-0.03187910484848544,-18.848603397607803,0.7477115392684937,157.40603637695312,1290240,0.9268124,401.3721637248993,0.2,630,91.66,0.3484375,473.3843092899999,40,0.086316645,31881,0.0003
6390,-0.03265256579616107,-18.74132222533226,0.7435738444328308,111.84098815917969,1310720,0.9100399,419.6293815612793,0.2,640,88.55,0.328173828125,464.0976636800001,41,0.09223671,31962,0.0003
6490,-0.04489573983009905,-18.68451607823372,0.7415921688079834,115.69292449951172,1331200,0.91933686,385.961182308197,0.2,650,89.45,0.342431640625,460.53965332,41,0.10407338,32047,0.0003
6590,-0.03803391656838358,-18.586378854513168,0.7369377017021179,131.673828125,1351680,0.9235154,328.55083684921266,0.2,660,89.01,0.37421875,462.9644387799999,42,0.112631574,32130,0.0003
6690,-0.03999597375222948,-18.419689428806304,0.7302642464637756,103.86239624023438,1372160,0.9354298,339.5314106941223,0.2,670,93.61,0.381689453125,490.0880992999999,42,0.108801946,32211,0.0003
6790,-0.030897271825233476,-18.29609135389328,0.7249380350112915,215.59873962402344,1392640,0.89440376,450.6662307262421,0.2,680,90.89,0.37451171875,473.3766831999999,43,0.11283924,32291,0.0003
6890,-0.04020590309810359,-18.241263061761856,0.722377359867096,171.974853515625,1413120,0.90341765,414.14663233757017,0.2,690,90.96,0.332177734375,476.1235351,43,0.085504815,32372,0.0003
6990,-0.036809753970010205,-18.17657753229141,0.7199682593345642,159.47686767578125,1433600,0.93634796,330.1944492340088,0.2,700,93.09,0.385791015625,487.29107493,44,0.12569982,32453,0.0003
7090,-0.0362888546922477,-18.07696886062622,0.7161136269569397,150.60647583007812,1454080,0.91763824,377.6775981903076,0.2,710,91.19,0.3611328125,479.1360625,44,0.13676134,32535,0.0003
7190,-0.043267312122043225,-18.005059957504272,0.7137953639030457,163.99346923828125,1474560,0.9342999,338.28919591903684,0.2,720,84.89,0.3759765625,447.52959682,45,0.10738246,32615,0.0003
7290,-0.0389731959119672,-17.913409721851348,0.7099217176437378,183.08543395996094,1495040,0.89549434,499.6536756515503,0.2,730,93.71,0.34921875,492.02323452,45,0.08620866,32696,0.0003
7390,-0.0378309177904157,-17.837428492307662,0.7080709934234619,95.22193908691406,1515520,0.9363029,318.6328230381012,0.2,740,90.1,0.340625,471.26335091,46,0.11347758,32781,0.0003
7490,-0.038095093512674795,-17.78090156316757,0.7054186463356018,113.48790740966797,1536000,0.94422096,297.5543560028076,0.2,750,92.98,0.3451171875,494.02616169,46,0.094133995,32866,0.0003
7590,-0.03718551377533004,-17.634729146957397,0.6993030309677124,104.64775085449219,1556480,0.9324954,297.18703083992006,0.2,760,92.85,0.354833984375,487.14412482,47,0.102824874,32949,0.0003
7690,-0.03923279959126376,-17.54721326828003,0.696265459060669,112.63311004638672,1576960,0.91130555,480.5893353939056,0.2,770,92.46,0.331884765625,490.62335323,47,0.08723235,33031,0.0003
7790,-0.03286216838750988,-17.47274430990219,0.6929696798324585,121.67312622070312,1597440,0.8798993,510.8156876564026,0.2,780,89.64,0.337255859375,477.03620132,48,0.09587271,33117,0.0003
7890,-0.03719796593068168,-17.48843075633049,0.6934292912483215,188.3436737060547,1617920,0.9338238,362.37845220565794,0.2,790,95.32,0.3650390625,504.2479611799999,48,0.123734176,33202,0.0003
7990,-0.038965291844215245,-17.40654152035713,0.6907464265823364,152.1521759033203,1638400,0.9287993,340.3661997795105,0.2,800,90.89,0.32744140625,488.14293231999994,49,0.07023951,33286,0.0003
8090,-0.03493849367660005,-17.348378133773803,0.6884121298789978,135.7481689453125,1658880,0.9267119,388.2178695201874,0.2,810,91.62,0.331689453125,486.80920086,49,0.09827357,33368,0.0003
8190,-0.030011944478610532,-17.236259245872496,0.6841111183166504,85.5934829711914,1679360,0.93231034,338.80174469947815,0.2,820,88.89,0.38466796875,475.54750775,50,0.11671451,33452,0.0003
8290,-0.03867807624337729,-17.2168129324913,0.6826961636543274,188.5841522216797,1699840,0.9065513,406.14456362724303,0.2,830,95.52,0.38642578125,505.97409979,50,0.14196676,33535,0.0003
8390,-0.042716874051257035,-17.103478145599365,0.6785557866096497,85.88966369628906,1720320,0.9439861,321.20946822166445,0.2,840,94.75,0.33798828125,504.51177547,51,0.09369467,33619,0.0003
8490,-0.032617005560314286,-17.04570702314377,0.6768014430999756,161.47036743164062,1740800,0.91969085,444.9823718070984,0.2,850,92.09,0.35166015625,491.41597344999997,51,0.14523576,33701,0.0003
8590,-0.03461757822369691,-16.958105391263963,0.6732935905456543,223.75201416015625,1761280,0.92711776,433.26499605178833,0.2,860,99.98,0.337353515625,539.87048231,52,0.10316888,33783,0.0003
8690,-0.03978114832716528,-16.835022950172423,0.6686954498291016,193.9774932861328,1781760,0.89003617,502.08278756141664,0.2,870,97.27,0.330078125,520.71438815,52,0.08893913,33865,0.0003
8790,-0.029663531697588043,-16.78242204785347,0.6673548221588135,117.8656997680664,1802240,0.92757595,381.7407031059265,0.2,880,96.47,0.361962890625,515.57953368,53,0.117104776,33950,0.0003
8890,-0.021082029773970133,-16.674317026138304,0.664231538772583,148.6230010986328,1822720,0.9377731,317.2529452800751,0.2,890,98.24,0.387548828125,528.22231469,53,0.16560772,34033,0.0003
8990,-0.026673872375977226,-16.569170045852662,0.6599388122558594,120.06146240234375,1843200,0.92043966,418.01853437423705,0.2,900,98.7,0.3857421875,529.48712559,54,0.1312686,34112,0.0003
9090,-0.03686295174702536,-16.508279460668565,0.6584122776985168,153.7158203125,1863680,0.8992488,461.5990575790405,0.2,910,96.99,0.328076171875,521.7007969299999,54,0.08723314,34193,0.0003
9190,-0.03222893490747083,-16.381986093521117,0.6528598666191101,97.27366638183594,1884160,0.9369713,360.133882188797,0.2,920,97.68,0.366748046875,529.2221613899999,54,0.14660487,34274,0.0003
9290,-0.032283474848372865,-16.333121103048324,0.6519993543624878,132.95777893066406,1904640,0.9243979,423.00175576210023,0.2,930,98.61,0.363818359375,532.65559123,55,0.12130983,34356,0.0003
9390,-0.03139294861466624,-16.27543552517891,0.6500516533851624,191.07998657226562,1925120,0.9348649,402.4299597263336,0.2,940,99.39,0.34501953125,531.70849294,55,0.09799258,34438,0.0003
9490,-0.021816965943435206,-16.28984208703041,0.6512587070465088,159.5583953857422,1945600,0.91988254,409.7095091342926,0.2,950,95.77,0.388037109375,516.87903276,56,0.14322889,34520,0.0003
9590,-0.029817847951198927,-16.22788087129593,0.6490830183029175,274.0314636230469,1966080,0.9166472,472.7631693840027,0.2,960,101.19,0.3595703125,549.9899211,56,0.105143964,34605,0.0003
9690,-0.027116292872233317,-16.246782612800597,0.6503087282180786,186.27947998046875,1986560,0.9163575,447.69818887710574,0.2,970,100.16,0.34228515625,541.43687615,57,0.11643951,34689,0.0003
9790,-0.032620074386068156,-16.16329292058945,0.647591769695282,305.51239013671875,2007040,0.8897389,608.1426393032074,0.2,980,103.31,0.331396484375,561.5207737,57,0.121118575,34772,0.0003
9890,-0.026227966908481903,-16.121370697021483,0.6459943056106567,162.92921447753906,2027520,0.93881625,405.3205177307129,0.2,990,98.71,0.38310546875,537.5212354600001,58,0.15304501,34854,0.0003
9990,-0.019920238773920573,-16.050097781419755,0.6432042717933655,213.28628540039062,2048000,0.904195,499.43494205474855,0.2,1000,97.33,0.3341796875,525.5040322199999,58,0.16646902,34936,0.0003
10090,-0.014395064301788807,-15.96302837729454,0.6409434676170349,97.08137512207031,2068480,0.94118005,364.11509828567506,0.2,1010,103.01,0.4037109375,561.1082134999999,59,0.18901065,35019,0.0003
10190,-0.017326255844091067,-15.878624418377877,0.6377843618392944,181.39633178710938,2088960,0.9231158,488.95921273231505,0.2,1020,103.04,0.354296875,553.70739637,59,0.1270228,35101,0.0003
10290,-0.01737762057746295,-15.827345904707908,0.6359097361564636,132.5146484375,2109440,0.935198,348.0719850540161,0.2,1030,104.31,0.40693359375,562.31022118,59,0.15784661,35182,0.0003
10390,-0.02403521274391096,-15.7872304469347,0.634143590927124,196.04818725585938,2129920,0.9325207,404.3800372123718,0.2,1040,99.89,0.38544921875,545.81796293,60,0.18518129,35264,0.0003
10490,-0.0300161114661023,-15.788068470358848,0.634585440158844,136.1798095703125,2150400,0.9233574,449.0093657493591,0.2,1050,101.32,0.347412109375,551.59445579,60,0.122671135,35348,0.0003
10590,-0.033596389408921824,-15.743756726384163,0.6335396766662598,198.1397705078125,2170880,0.9348833,448.0914184093475,0.2,1060,100.53,0.37978515625,544.20973577,61,0.14825936,35432,0.0003
10690,-0.02692031732585747,-15.677383032441139,0.6310989260673523,185.5865936279297,2191360,0.92600054,462.0713523387909,0.2,1070,99.56,0.373974609375,534.285506,61,0.18480898,35515,0.0003
10790,-0.03129217842797516,-15.662490165233612,0.6309216022491455,167.9457550048828,2211840,0.9361732,374.0294464111328,0.2,1080,99.5,0.344580078125,536.06221889,62,0.10567626,35593,0.0003
10890,-0.020064967375947162,-15.58979778289795,0.6284828186035156,232.8428955078125,2232320,0.9351242,400.40429162979126,0.2,1090,107.99,0.3802734375,583.29737213,62,0.19729167,35671,0.0003
10990,-0.02354608045425266,-15.50548751950264,0.6257613897323608,190.5421600341797,2252800,0.9377307,365.4395387172699,0.2,1100,100.85,0.389111328125,543.2580128700001,63,0.19525254,35750,0.0003
11090,-0.020941628952277823,-15.513548398017884,0.6260614991188049,209.3314208984375,2273280,0.92012906,470.95323791503904,0.2,1110,103.28,0.398046875,556.0309165,63,0.16918193,35831,0.0003
11190,-0.03372555599489715,-15.464415317773819,0.6239778995513916,173.52938842773438,2293760,0.90098083,567.363745355606,0.2,1120,105.56,0.3603515625,565.8900493599999,63,0.14645234,35911,0.0003
11290,-0.03083380088210106,-15.453699976205826,0.6231646537780762,168.3268280029297,2314240,0.93113124,446.5842446327209,0.2,1130,101.93,0.376220703125,547.4703247000001,64,0.14088687,35992,0.0003
11390,-0.029748694562294987,-15.364798614382744,0.6207420229911804,98.60157775878906,2334720,0.9165564,369.54406852722167,0.2,1140,104.46,0.428271484375,554.8916034499999,64,0.22696802,36076,0.0003
11490,-0.03279337577987462,-15.334548595547677,0.6190710067749023,163.2031707763672,2355200,0.9316311,429.1955707550049,0.2,1150,103.44,0.401416015625,556.6034373800001,65,0.15362051,36161,0.0003
11590,-0.019536663833423517,-15.255911684036255,0.6168171167373657,125.6954574584961,2375680,0.9202325,402.0585136413574,0.2,1160,101.36,0.4048828125,546.0757285500001,65,0.21553278,36242,0.0003
11690,-0.021956255685654468,-15.203539454936982,0.6156035661697388,209.35794067382812,2396160,0.9357593,375.11443095207215,0.2,1170,99.25,0.40498046875,529.51677549,65,0.21909331,36323,0.0003
11790,-0.02840720386884641,-15.161641246080398,0.6145884990692139,167.87747192382812,2416640,0.93600255,444.00537128448485,0.2,1180,102.15,0.377490234375,550.8889531399999,66,0.22124332,36405,0.0003
11890,-0.03822414479509462,-15.139817953109741,0.6138865351676941,184.50071716308594,2437120,0.9325744,356.4679723739624,0.2,1190,101.54,0.388427734375,546.3507782,66,0.15524484,36487,0.0003
11990,-0.02576902134314878,-15.101371657848357,0.6127691864967346,160.4095916748047,2457600,0.9269083,442.3629901409149,0.2,1200,101.5,0.385107421875,542.98977474,67,0.22914559,36568,0.0003
12090,-0.008346820517908781,-15.072990345954896,0.612430214881897,120.77122497558594,2478080,0.94191396,356.6998185634613,0.2,1210,101.91,0.44833984375,547.07234249,67,0.3674067,36647,0.0003
12190,-0.02718300637206994,-15.018447074294091,0.6108667850494385,139.27430725097656,2498560,0.92928475,467.2471396923065,0.2,1220,101.0,0.353173828125,542.65973329,68,0.14225784,36731,0.0003
12290,-0.02606337899924256,-14.985560694336892,0.6100587248802185,223.15757751464844,2519040,0.92609966,535.2234771251678,0.2,1230,107.87,0.353759765625,582.1059241199999,68,0.13084762,36818,0.0003
12390,-0.019708778661151883,-14.926417082548141,0.6086957454681396,153.96995544433594,2539520,0.9337319,413.5988942623138,0.2,1240,101.45,0.373583984375,543.65612321,68,0.19489557,36906,0.0003
12490,-0.01987852100719465,-14.838258001208306,0.6056798100471497,158.8214874267578,2560000,0.9365191,401.36644768714905,0.2,1250,104.22,0.39912109375,565.42557653,69,0.25442165,36994,0.0003
12590,-0.030721464491216467,-14.788284051418305,0.6039889454841614,146.8319854736328,2580480,0.89908963,530.7125206947327,0.2,1260,103.28,0.352587890625,559.93330895,69,0.1614704,37081,0.0003
12690,-0.031250435471883976,-14.771902489662171,0.6038556694984436,148.57508850097656,2600960,0.92255056,435.23364863395693,0.2,1270,92.52,0.347119140625,503.5347587400001,69,0.18988769,37171,0.0003
12790,-0.029525875305989758,-14.756764304637908,0.6039358377456665,229.5341339111328,2621440,0.9238996,438.8911984920502,0.2,1280,102.7,0.3607421875,550.47513736,70,0.19474334,37257,0.0003
12890,-0.03339618507598061,-14.70256615281105,0.60264652967453,257.3887634277344,2641920,0.8938269,749.0656978607178,0.2,1290,106.81,0.281884765625,578.22827211,70,0.07556838,37343,0.0003
12990,-0.023407292983029036,-14.661639383435249,0.6009737849235535,177.96746826171875,2662400,0.94027936,390.99786243438723,0.2,1300,101.35,0.405224609375,539.04991106,71,0.18833782,37430,0.0003
13090,-0.02369956258626189,-14.661530500650406,0.6004421710968018,175.1624755859375,2682880,0.9287204,409.1325786113739,0.2,1310,103.07,0.40126953125,551.04621953,71,0.19475952,37513,0.0003
13190,-0.018822016572812572,-14.550659933686257,0.596393346786499,95.81513214111328,2703360,0.93199027,427.8638022899628,0.2,1320,108.03,0.3794921875,583.30804393,71,0.25843862,37597,0.0003
13290,-0.033758662201580594,-14.447054094076156,0.593169093132019,143.388916015625,2723840,0.94058466,379.96577563285825,0.2,1330,105.1,0.383251953125,568.4525219100001,72,0.1963653,37681,0.0003
13390,-0.003948325646342709,-14.400971984863281,0.5927694439888,161.23419189453125,2744320,0.919154,373.8759669303894,0.2,1340,96.72,0.4791015625,521.0243889,72,0.4483127,37764,0.0003
13490,-0.03170149422221584,-14.31583776473999,0.5889955163002014,141.18824768066406,2764800,0.92960185,463.86840443611146,0.2,1350,99.16,0.36845703125,535.84606291,73,0.20230192,37848,0.0003
13590,-0.00114485414524097,-14.234232392907142,0.5874190330505371,120.99240112304688,2785280,0.93260485,393.66595406532286,0.2,1360,102.7,0.442236328125,555.5758870100001,73,0.54855835,37934,0.0003
13690,-0.02625239946646616,-14.182908317446708,0.585655927658081,147.5413360595703,2805760,0.9270763,407.85003638267517,0.2,1370,103.57,0.37958984375,555.1097632899999,73,0.21994528,38015,0.0003
13790,-0.02386212291603442,-14.109255492687225,0.5830610990524292,234.2459716796875,2826240,0.91149366,469.3741599082947,0.2,1380,104.32,0.393505859375,557.8571478900001,74,0.27118397,38096,0.0003
13890,-0.026398835124564358,-14.049700644612312,0.5811179876327515,199.08026123046875,2846720,0.9422804,393.90129528045657,0.2,1390,106.18,0.366796875,568.97955037,74,0.18247128,38180,0.0003
13990,-0.024109771120129152,-13.938700002431869,0.5772520899772644,122.73282623291016,2867200,0.946078,356.0304531574249,0.2,1400,98.94,0.38173828125,530.1274506999999,74,0.18640485,38266,0.0003
14090,-0.02433772353833774,-13.93126471042633,0.5778067111968994,123.26295471191406,2887680,0.93474036,389.03771739006044,0.2,1410,99.91,0.3962890625,541.05012194,75,0.24664563,38349,0.0003
14190,-0.026115402358118444,-13.913855865597725,0.5773305892944336,170.79476928710938,2908160,0.9457202,351.58983011245726,0.2,1420,101.63,0.384765625,551.2392606100001,75,0.16975474,38429,0.0003
14290,-0.02533016333472915,-13.884820404648782,0.5770516991615295,123.35608673095703,2928640,0.93943506,371.3510666370392,0.2,1430,102.59,0.425341796875,556.4027875999999,76,0.2775145,38511,0.0003
14390,-0.00909258028259501,-13.76009578704834,0.5730623602867126,172.02137756347656,2949120,0.9402872,381.41433358192444,0.2,1440,103.39,0.42890625,553.71407681,76,0.28471285,38597,0.0003
14490,-0.021609517181059346,-13.702735602855682,0.5706697702407837,135.1038360595703,2969600,0.9455111,331.63285393714904,0.2,1450,98.35,0.43251953125,525.5321427599999,76,0.3533827,38685,0.0003
14590,-0.021855150724877603,-13.662241140007973,0.5701423287391663,143.31399536132812,2990080,0.9343306,459.7664165496826,0.2,1460,104.83,0.393212890625,570.05542119,77,0.25721368,38771,0.0003
14690,-0.024592586388462224,-13.602979901432992,0.5688961148262024,106.26847839355469,3010560,0.9438071,330.4526907444,0.2,1470,99.8,0.408544921875,537.4512467,77,0.21520355,38859,0.0003
14790,-0.004240253033640329,-13.512703374028206,0.5658578872680664,192.88462829589844,3031040,0.9290991,440.25920901298525,0.2,1480,108.2,0.441796875,582.25518999,77,0.3411103,38949,0.0003
14890,-0.013553807162679732,-13.45374253988266,0.5642995238304138,132.53273010253906,3051520,0.9519501,324.4477580070496,0.2,1490,101.89,0.432568359375,549.67232471,78,0.32778203,39036,0.0003
14990,-0.025567532528657465,-13.385782769322395,0.5619005560874939,83.87560272216797,3072000,0.9307349,401.89247665405276,0.2,1500,101.18,0.382763671875,552.23294269,78,0.26464945,39126,0.0003
15090,-0.031566278036916626,-13.323378390073776,0.5598735213279724,247.79806518554688,3092480,0.92462957,463.06791987419126,0.2,1510,104.99,0.347900390625,569.4743862,78,0.17990042,39214,0.0003
15190,-0.02147379500529496,-13.287809666991233,0.558617115020752,154.6306610107422,3112960,0.91592926,469.5575656890869,0.2,1520,101.23,0.380029296875,553.05519086,79,0.22080013,39300,0.0003
15290,-0.018895818796590903,-13.275234380364418,0.5582447052001953,178.58787536621094,3133440,0.9121561,496.2415990829468,0.2,1530,103.01,0.349609375,562.22323325,79,0.14360468,39385,0.0003
15390,-0.016718159141601064,-13.214849638938905,0.5560380220413208,134.36138916015625,3153920,0.93243635,351.2841348171234,0.2,1540,99.36,0.451806640625,541.20040052,79,0.2571249,39469,0.0003
15490,-0.02499401660024887,-13.163195475935936,0.5541595816612244,244.7291717529297,3174400,0.9271615,424.0541247844696,0.2,1550,103.6,0.38173828125,571.58276976,80,0.26056635,39556,0.0003
15590,-0.01925419410399627,-13.1043015062809,0.5519964694976807,196.45909118652344,3194880,0.9318584,405.60230498313905,0.2,1560,103.15,0.402294921875,562.13627834,80,0.28850675,39642,0.0003
15690,-0.015114132611779496,-13.104804912209511,0.5524113178253174,112.5280990600586,3215360,0.9511494,301.74798102378844,0.2,1570,101.45,0.44228515625,562.1260475600001,80,0.2652202,39729,0.0003
15790,-0.02278946840960998,-13.09174088537693,0.5519816279411316,279.167236328125,3235840,0.9115903,484.69564571380613,0.2,1580,105.67,0.3353515625,581.7609286400001,81,0.1887439,39817,0.0003
15890,-0.023428744316333905,-13.078498563170433,0.550956666469574,219.8975372314453,3256320,0.9433742,395.7906391620636,0.2,1590,107.53,0.409619140625,589.15734931,81,0.31953928,39901,0.0003
15990,-0.020116246890393086,-13.00834085047245,0.5490292906761169,190.71897888183594,3276800,0.9394371,357.5006405353546,0.2,1600,105.72,0.409326171875,581.90994361,81,0.28659603,39984,0.0003
16090,-0.018067699726088904,-12.97599438726902,0.5481052398681641,79.53691864013672,3297280,0.95447177,285.5825190067291,0.2,1610,101.63,0.418994140625,553.34211832,82,0.27220535,40069,0.0003
16190,-0.0035290373241878116,-12.963819551467896,0.5476673245429993,131.4483184814453,3317760,0.94004154,402.52578911781313,0.2,1620,104.99,0.420654296875,575.05086403,82,0.2587078,40154,0.0003
16290,-0.027004783859592863,-12.882102173566818,0.5452457070350647,297.02032470703125,3338240,0.9038916,575.8513194561004,0.2,1630,102.1,0.33056640625,560.9452415699999,82,0.24648161,40238,0.0003
16390,-0.02823706172348466,-12.809890332818032,0.5432838797569275,116.08858489990234,3358720,0.95410043,285.59703919887545,0.2,1640,98.88,0.412841796875,542.86609433,83,0.21824431,40322,0.0003
16490,0.023705753195099533,-12.739046239852906,0.5411165952682495,133.09860229492188,3379200,0.9430466,343.1060700416565,0.2,1650,100.17,0.539990234375,549.075537,83,0.4294657,40410,0.0003
16590,-0.027033994457451627,-12.639358949661254,0.5374356508255005,126.93450927734375,3399680,0.9436372,372.98047587871554,0.2,1660,100.64,0.352197265625,552.40453769,83,0.16749974,40497,0.0003
16690,-0.030971415957901628,-12.580154818296432,0.535961389541626,129.61495971679688,3420160,0.9341828,371.8121213912964,0.2,1670,99.51,0.404931640625,545.0342017200002,84,0.25845408,40582,0.0003
16790,-0.029399660852504894,-12.533356547355652,0.535223662853241,153.25894165039062,3440640,0.9478184,325.57574062347413,0.2,1680,102.19,0.408642578125,562.46414396,84,0.24765101,40667,0.0003
16890,-0.012414995310246013,-12.55105019211769,0.5356583595275879,124.2000732421875,3461120,0.93931097,345.27968435287477,0.2,1690,102.92,0.47685546875,566.18499748,84,0.44538844,40752,0.0003
16990,-0.027434661251027136,-12.530227133631707,0.5342821478843689,176.27037048339844,3481600,0.92538506,446.82164311408997,0.2,1700,104.93,0.40693359375,577.70218459,85,0.28021193,40837,0.0003
17090,-0.024993004079442473,-12.492794820666314,0.5341747999191284,149.3883819580078,3502080,0.93658525,461.9726658344269,0.2,1710,105.88,0.39365234375,579.50496164,85,0.1900503,40921,0.0003
17190,-0.01329086682817433,-12.496625417470932,0.5339651703834534,100.42386627197266,3522560,0.95525426,284.872801399231,0.2,1720,105.49,0.479638671875,580.1091225,85,0.38043123,41006,0.0003
17290,-0.02590102215181105,-12.483773544430733,0.5338934659957886,114.65555572509766,3543040,0.92751884,418.7578239440918,0.2,1730,103.22,0.368408203125,567.24373077,86,0.20289157,41090,0.0003
17390,0.00618225762154907,-12.41756193935871,0.5324028134346008,142.59104919433594,3563520,0.9374954,459.0495704174042,0.2,1740,99.89,0.453955078125,546.7940202,86,0.5035016,41176,0.0003
17490,-0.023201481133583002,-12.378767588734627,0.5305562615394592,193.90643310546875,3584000,0.94428784,354.3769958972931,0.2,1750,104.35,0.393798828125,572.2207736199999,86,0.23706357,41262,0.0003
17590,-0.022671851809718646,-12.247181496024131,0.5260244011878967,136.94680786132812,3604480,0.9503437,302.21224026679994,0.2,1760,101.77,0.442626953125,550.41975481,87,0.25079346,41347,0.0003
17690,-0.003203897102503106,-12.125014227628707,0.5223502516746521,192.57679748535156,3624960,0.9488658,327.5771113872528,0.2,1770,100.41,0.452880859375,543.22692155,87,0.4965544,41433,0.0003
17790,-0.026353025357821025,-12.113469409942628,0.5214071869850159,186.88966369628906,3645440,0.9295839,389.86257739067076,0.2,1780,101.77,0.426708984375,553.27252052,87,0.29124224,41517,0.0003
17890,-0.010569005215074867,-12.039269462227821,0.5184487700462341,199.07215881347656,3665920,0.9439989,370.14835200309756,0.2,1790,102.02,0.50283203125,555.72797226,88,0.38126403,41603,0.0003
17990,-0.02400147470907541,-11.968763458728791,0.5165671706199646,125.36671447753906,3686400,0.9447012,336.12620625495913,0.2,1800,105.84,0.388720703125,573.51561319,88,0.24722137,41686,0.0003
18090,-0.02826718837604858,-11.956347325444222,0.5161875486373901,168.64833068847656,3706880,0.91789687,495.9963360309601,0.2,1810,105.29,0.32412109375,572.22281333,88,0.17944907,41771,0.0003
18190,-0.014456198719562963,-11.915488690137863,0.5153292417526245,100.04894256591797,3727360,0.9386571,389.52704339027406,0.2,1820,102.98,0.391943359375,562.5097729,89,0.46748996,41855,0.0003
18290,-0.01265508349169977,-11.897456315159797,0.5154865384101868,124.25235748291016,3747840,0.9585842,307.04231638908385,0.2,1830,108.39,0.43857421875,594.83792181,89,0.46666685,41941,0.0003
18390,-0.01842780917068012,-11.87189635336399,0.5143041014671326,106.34487915039062,3768320,0.94866484,333.21615915298463,0.2,1840,106.45,0.440185546875,578.8772973,89,0.30090755,42027,0.0003
18490,-0.018443985053454525,-11.814108595252037,0.5130475759506226,113.90436553955078,3788800,0.9240947,414.16207427978514,0.2,1850,104.56,0.394140625,567.9869883800001,89,0.32757723,42114,0.0003
18590,0.0015068160049850122,-11.806014028191566,0.5127624273300171,73.07894134521484,3809280,0.956676,285.8571741104126,0.2,1860,103.03,0.45908203125,558.62136095,90,0.49306604,42205,0.0003
18690,-0.01609437961888034,-11.771904128789902,0.5124310851097107,109.87493133544922,3829760,0.9464385,332.2748094558716,0.2,1870,103.18,0.40146484375,561.51522293,90,0.27763605,42296,0.0003
18790,-0.011662162098218687,-11.716289961338044,0.5108516216278076,103.09911346435547,3850240,0.94607466,348.4796185016632,0.2,1880,102.87,0.396240234375,558.75834292,90,0.4002418,42386,0.0003
18890,-0.012567993885022588,-11.706704273819923,0.5110536813735962,92.95268249511719,3870720,0.92517847,400.78834490776063,0.2,1890,108.3,0.39951171875,596.00902149,91,0.32561997,42474,0.0003
18990,-0.022769439607509413,-11.722289130091667,0.5120165348052979,106.7690658569336,3891200,0.95455796,289.4545436143875,0.2,1900,107.35,0.43291015625,585.2865693299999,91,0.46747863,42562,0.0003
19090,-0.01093334891484119,-11.735849443078042,0.5124583840370178,83.26542663574219,3911680,0.95473355,301.2936423540115,0.2,1910,107.02,0.401806640625,580.0411104899999,91,0.41938955,42651,0.0003
19190,-0.002319355323561467,-11.679356169700622,0.5107725858688354,120.17462921142578,3932160,0.9528145,347.74045462608336,0.2,1920,109.52,0.446142578125,599.24827314,91,0.6510755,42741,0.0003
19290,-0.014523964092950337,-11.618323656916619,0.5093124508857727,119.51719665527344,3952640,0.93227786,459.2570915222168,0.2,1930,103.36,0.387353515625,567.52320868,92,0.3736809,42830,0.0003
19390,-0.025356889079557732,-11.604925948381425,0.5084776282310486,172.68650817871094,3973120,0.9371691,357.2528982639313,0.2,1940,103.77,0.33447265625,565.50426782,92,0.19882694,42919,0.0003
19490,-0.018182216829154642,-11.598670068383218,0.5088004469871521,218.23866271972656,3993600,0.9355316,416.99760460853577,0.2,1950,104.51,0.368994140625,565.7025706299999,92,0.27411616,43009,0.0003
19590,-0.005675730039365589,-11.55642774105072,0.5077605843544006,128.1195526123047,4014080,0.93750083,334.9736281394959,0.2,1960,100.63,0.417822265625,547.5571473200001,93,0.41246474,43096,0.0003
19690,-0.023176476382650434,-11.466692641377449,0.5047067403793335,148.47276306152344,4034560,0.9423036,394.22952461242676,0.2,1970,105.0,0.38623046875,573.59316732,93,0.30386862,43182,0.0003
19790,-0.01852072837355081,-11.424514216184615,0.5036040544509888,132.29244995117188,4055040,0.9569474,317.341512298584,0.2,1980,104.29,0.404052734375,566.6916732400001,93,0.21775675,43269,0.0003
19890,-0.01042620074003935,-11.342912963032722,0.5012426376342773,111.04935455322266,4075520,0.9461313,317.7010026931763,0.2,1990,98.2,0.40712890625,523.53881148,94,0.4126472,43356,0.0003
19990,-0.015471297153271734,-11.335022643208504,0.5011830925941467,91.45106506347656,4096000,0.943553,299.36443386077883,0.2,2000,103.12,0.436083984375,562.6960669,94,0.38892412,43440,0.0003
20090,-0.017317934916354714,-11.298864051699638,0.5006701350212097,102.19549560546875,4116480,0.94512194,338.56340169906616,0.2,2010,104.92,0.399951171875,571.11822609,94,0.33833224,43520,0.0003
20190,-0.009882611714419908,-11.194674175977706,0.49793699383735657,101.75145721435547,4136960,0.95487726,262.3330460071564,0.2,2020,102.42,0.437646484375,561.11992405,94,0.46640536,43603,0.0003
20290,0.0012359131709672511,-11.16382256746292,0.4973459243774414,192.66477966308594,4157440,0.9453603,376.7314800262451,0.2,2030,107.31,0.4728515625,581.38581606,95,0.38750976,43685,0.0003
20390,-0.006293281551916152,-11.154327946901322,0.49734383821487427,122.9835433959961,4177920,0.9513648,330.001944732666,0.2,2040,109.38,0.458154296875,591.6929607100001,95,0.5303672,43767,0.0003
20490,-0.013694041254348121,-11.090208953619003,0.49538320302963257,177.5880126953125,4198400,0.9385762,394.39601430892947,0.2,2050,105.88,0.396240234375,579.2100951799999,95,0.57666767,43849,0.0003
20590,-0.003248814749531448,-11.076835483312607,0.4942344129085541,73.48757934570312,4218880,0.95766634,258.48501381874087,0.2,2060,105.72,0.450927734375,576.5889990999999,96,0.43107855,43933,0.0003
20690,-0.015645751167903656,-11.07228218317032,0.49419790506362915,91.59555053710938,4239360,0.95135707,287.0592709541321,0.2,2070,108.24,0.445068359375,588.5681747499999,96,0.3610103,44016,0.0003
20790,-0.02186249758815393,-11.052216377854347,0.4938490390777588,125.05136108398438,4259840,0.94911885,324.5658396720886,0.2,2080,103.94,0.40927734375,556.1950990500001,96,0.41711742,44099,0.0003
20890,-0.007987154775764792,-11.034006863832474,0.4935113191604614,53.765602111816406,4280320,0.95353305,247.61606106758117,0.2,2090,90.28,0.491455078125,484.18805328,96,0.37739497,44181,0.0003
20990,-0.006774375375243835,-11.016179451346398,0.4930306077003479,94.06410217285156,4300800,0.9593288,215.95419971942903,0.2,2100,94.51,0.46171875,506.05019331999995,97,0.65494823,44263,0.0003
21090,0.036813328971038575,-10.960618877410889,0.49099433422088623,105.44237518310547,4321280,0.943988,289.7326219558716,0.2,2110,95.48,0.567138671875,513.49754953,97,0.6510713,44347,0.0003
21190,-0.016164726961869748,-10.896562021970748,0.4891892075538635,87.17807006835938,4341760,0.9511803,272.9394052505493,0.2,2120,97.96,0.429736328125,527.6309557499999,97,0.26310334,44432,0.0003
21290,-0.007107910535705741,-10.929288908839226,0.4903046786785126,135.95648193359375,4362240,0.95135176,305.3501371383667,0.2,2130,98.92,0.448193359375,526.40731171,97,0.4903497,44514,0.0003
21390,-0.0026474758749827744,-10.89946619272232,0.4892149567604065,83.6916275024414,4382720,0.9477781,309.9792690038681,0.2,2140,96.47,0.473193359375,518.0641955200001,98,0.4131579,44597,0.0003
21490,0.0022924506716663017,-10.911599096655845,0.48958614468574524,124.94287109375,4403200,0.9538189,261.4285995006561,0.2,2150,98.17,0.499560546875,525.98594655,98,0.31330132,44678,0.0003
21590,0.005469155675382353,-10.722626620531083,0.48450812697410583,113.37663269042969,4423680,0.9567428,249.16632862091063,0.2,2160,102.37,0.51044921875,555.33287372,98,0.5901271,44762,0.0003
21690,0.12075236188829877,-10.701031064987182,0.4842332899570465,100.84428405761719,4444160,0.9570108,279.4732190847397,0.2,2170,103.42,0.652685546875,562.91987181,99,3.031559,44846,0.0003
21790,-0.0069480126228882,-10.663613656163216,0.4822442829608917,81.24003601074219,4464640,0.9533026,219.46056683063506,0.2,2180,101.87,0.47080078125,539.9148822699999,99,0.46346813,44929,0.0003
21890,-0.010496883682208136,-10.711000803112984,0.48373210430145264,107.40931701660156,4485120,0.96048594,263.70384361743925,0.2,2190,106.3,0.43525390625,567.46843471,99,0.5360162,45012,0.0003
21990,-0.015878556889947503,-10.657265532016755,0.4817209243774414,73.67884826660156,4505600,0.9563641,235.91332924365997,0.2,2200,104.71,0.4732421875,558.7236261799999,99,0.40478325,45098,0.0003
22090,-0.029261606192449108,-10.525002190470696,0.4776765704154968,104.26460266113281,4526080,0.95874435,308.3097186088562,0.2,2210,106.74,0.359228515625,561.3027580900001,100,0.2589345,45183,0.0003
22190,-0.0022214617783902213,-10.468117925524712,0.4762614667415619,82.97111511230469,4546560,0.96100044,229.86809580326081,0.2,2220,102.06,0.4640625,546.0340351200001,100,0.5178734,45265,0.0003
22290,-0.006865433750499505,-10.444663310050965,0.47556227445602417,62.71520233154297,4567040,0.9585228,252.41640331745148,0.2,2230,104.64,0.458447265625,561.97595401,100,0.45965046,45348,0.0003
22390,-0.010426843343884684,-10.32641552388668,0.4723397493362427,119.15447998046875,4587520,0.94450086,371.91351637840273,0.2,2240,100.52,0.401611328125,538.5849960600001,100,0.42022607,45435,0.0003
22490,-0.011626593800610863,-10.303642505407334,0.4718548357486725,119.67840576171875,4608000,0.9353815,339.8216387748718,0.2,2250,104.93,0.445068359375,564.1833275299999,101,0.44003123,45517,0.0003
22590,-0.005334955654689111,-10.231030911207199,0.4694972336292267,170.94403076171875,4628480,0.9497202,308.6611650466919,0.2,2260,102.87,0.44462890625,556.89498346,101,0.43643862,45597,0.0003
22690,-0.019508131146722008,-10.179400104284287,0.46802303194999695,173.60516357421875,4648960,0.91234493,468.2621070384979,0.2,2270,103.27,0.3662109375,554.5870293600001,101,0.28910217,45678,0.0003
22790,-0.006871501753630582,-10.127436783909797,0.4671061038970947,102.46707153320312,4669440,0.954536,275.34484672546387,0.2,2280,102.06,0.41416015625,552.39925164,102,0.4069904,45759,0.0003
22890,-0.008613285535830073,-10.097272849082946,0.4659799039363861,91.18586730957031,4689920,0.9554678,313.14075803756714,0.2,2290,104.98,0.459326171875,564.48729681,102,0.687703,45838,0.0003
22990,-0.02020750424999278,-10.033272677659989,0.4641481935977936,171.023193359375,4710400,0.9272318,407.64689745903013,0.2,2300,100.28,0.362451171875,538.3064109100001,102,0.2357414,45918,0.0003
23090,0.00032164180011022835,-9.996045958995818,0.46320095658302307,157.37269592285156,4730880,0.94565016,325.0660209655762,0.2,2310,101.26,0.446826171875,543.7816512200001,102,0.7505615,45998,0.0003
23190,-0.00686779071984347,-9.962520119547843,0.46262067556381226,190.21063232421875,4751360,0.94252545,411.0636392116547,0.2,2320,106.49,0.399609375,572.4639275100001,103,0.32913953,46079,0.0003
23290,-0.01976513479021378,-9.911726778745651,0.46078792214393616,117.20526885986328,4771840,0.9264473,437.1086102485657,0.2,2330,100.56,0.395703125,543.2442467400001,103,0.26377225,46164,0.0003
23390,-0.020090815992443823,-9.855714458227158,0.4588567018508911,175.9430694580078,4792320,0.91485006,496.3329713821411,0.2,2340,106.51,0.38798828125,578.18930627,103,0.28572088,46250,0.0003
23490,-0.0030362727702595294,-9.866678181290627,0.45901909470558167,125.00951385498047,4812800,0.9490864,284.60818738937377,0.2,2350,105.98,0.447705078125,576.1912113899999,103,0.55537474,46336,0.0003
23590,-0.02023888874973636,-9.927303048968316,0.46114757657051086,132.57147216796875,4833280,0.9414994,411.1809941768646,0.2,2360,102.98,0.397216796875,559.76733828,104,0.341674,46425,0.0003
23690,-0.007396746976883151,-9.96300284564495,0.46229618787765503,136.66998291015625,4853760,0.94556797,355.0678512096405,0.2,2370,104.77,0.48017578125,569.6531852599999,104,0.40833932,46513,0.0003
23790,0.009147898206720129,-9.949595594406128,0.4621649384498596,183.01580810546875,4874240,0.9221619,472.6589886665344,0.2,2380,105.1,0.437548828125,565.7112659100001,104,0.537148,46597,0.0003
23890,-0.02759251692914404,-9.967946743965149,0.462410569190979,412.48675537109375,4894720,0.8835621,728.1295649528504,0.2,2390,98.8,0.32509765625,532.00206283,104,0.30285722,46682,0.0003
23990,-0.022831434759427793,-9.892782717943192,0.4601433575153351,162.23509216308594,4915200,0.9243604,538.182234096527,0.2,2400,101.49,0.3974609375,543.1913929599999,105,0.4566388,46769,0.0003
24090,-0.02323924169759266,-9.897795403003693,0.46060842275619507,240.74119567871094,4935680,0.93009275,485.58808212280275,0.2,2410,103.21,0.376708984375,558.86019346,105,0.5154524,46854,0.0003
24190,-0.019062344939447938,-9.89113491177559,0.4603128433227539,190.3438720703125,4956160,0.92176616,454.23652095794677,0.2,2420,104.85,0.383056640625,560.92318997,105,0.35820982,46938,0.0003
24290,0.02672776438703295,-9.869690877199172,0.4604018032550812,195.55088806152344,4976640,0.9420966,412.6718661785126,0.2,2430,106.78,0.49453125,580.7058950300001,105,0.49316052,47019,0.0003
24390,-0.021181953870109283,-9.91026068329811,0.46175238490104675,97.90412139892578,4997120,0.94604033,329.5681718826294,0.2,2440,100.76,0.424365234375,546.7906917800001,106,0.30249274,47104,0.0003
24490,-0.00283209037152119,-9.773328495025634,0.45797353982925415,129.13766479492188,5017600,0.94266564,356.018266916275,0.2,2450,104.2,0.4373046875,566.24707848,106,0.6306413,47187,0.0003
24590,0.0033586438876227476,-9.70046553015709,0.45639634132385254,124.52723693847656,5038080,0.9540257,269.0640748977661,0.2,2460,101.43,0.483642578125,549.73587847,106,0.43988267,47270,0.0003
24690,-0.012370064482092857,-9.668752327561378,0.4555352032184601,158.8323211669922,5058560,0.9455979,302.2674471378326,0.2,2470,100.69,0.407470703125,542.86610422,106,0.48372787,47353,0.0003
24790,-0.00830951371754054,-9.531425404548646,0.4522324800491333,126.31925201416016,5079040,0.94482094,314.28350658416747,0.2,2480,102.23,0.4240234375,557.27997069,107,0.4249544,47435,0.0003
24890,-0.017015748817357235,-9.512044879794121,0.4518531262874603,119.57642364501953,5099520,0.9541635,295.62531249523164,0.2,2490,102.18,0.374609375,559.21326438,107,0.29240018,47519,0.0003
24990,-0.016975712159182876,-9.510361969470978,0.45146286487579346,121.35193634033203,5120000,0.9521718,315.1151634216309,0.2,2500,102.19,0.41376953125,556.05926622,107,0.4200037,47608,0.0003
25090,-0.015925835358211772,-9.432004415988922,0.44889137148857117,119.91676330566406,5140480,0.95394194,306.13249497413636,0.2,2510,103.24,0.41015625,557.53045324,107,0.38699389,47694,0.0003
25190,-0.00405326283944305,-9.410070937871932,0.4487135410308838,85.53611755371094,5160960,0.93963736,287.7700005054474,0.2,2520,104.49,0.44541015625,565.85012233,108,0.5520731,47783,0.0003
25290,-0.028041440522065385,-9.314960020780564,0.4455428421497345,210.69320678710938,5181440,0.92958236,455.2473638057709,0.2,2530,109.97,0.35224609375,593.08488927,108,0.2137538,47877,0.0003
25390,-0.010053573550248985,-9.258134573698044,0.44419530034065247,100.52709197998047,5201920,0.9521504,342.0518138885498,0.2,2540,104.0,0.466455078125,565.90726817,108,0.43283358,47969,0.0003
25490,-0.010508458860567772,-9.152195662260056,0.4413550794124603,128.10922241210938,5222400,0.93584955,348.2153088092804,0.2,2550,105.91,0.394775390625,569.5412638000001,108,0.37016916,48052,0.0003
25590,-0.009069002725300378,-9.188071432709695,0.4423130750656128,92.11621856689453,5242880,0.9567676,261.4304435968399,0.2,2560,103.53,0.497412109375,561.45997629,108,0.47987568,48137,0.0003
25690,-0.018075761661748402,-9.207697287201881,0.44294318556785583,104.72689056396484,5263360,0.95101607,351.43105187416074,0.2,2570,110.66,0.419677734375,596.9836693499999,109,1.027612,48220,0.0003
25790,-0.0271048299735412,-9.18549960553646,0.44233831763267517,195.12509155273438,5283840,0.9329076,433.43317165374754,0.2,2580,107.58,0.36650390625,581.5026089899999,109,0.2046347,48310,0.0003
25890,-0.020292200692347252,-9.108898839354515,0.44067344069480896,142.99661254882812,5304320,0.95061445,319.2729580402374,0.2,2590,105.0,0.406787109375,568.17955564,109,0.34244558,48395,0.0003
25990,-0.02006153725378681,-9.146573522686959,0.4414326250553131,107.32997131347656,5324800,0.9529391,326.41124029159545,0.2,2600,107.18,0.398828125,580.3579409199999,109,0.2647679,48481,0.0003
26090,-0.003699552774196491,-9.10578240454197,0.44046762585639954,110.86073303222656,5345280,0.9590184,265.66083760261535,0.2,2610,106.52,0.453857421875,568.86689475,110,0.47926474,48568,0.0003
26190,-0.024238164006965233,-9.114759770035743,0.4406689405441284,112.54739379882812,5365760,0.92725515,377.57184882164,0.2,2620,106.37,0.400244140625,576.0672648200001,110,0.37107682,48663,0.0003
26290,-0.024942177288176028,-9.08641337454319,0.4392392337322235,259.21685791015625,5386240,0.94951236,357.24285488128663,0.2,2630,107.4,0.435888671875,586.0750538899999,110,0.32056135,48747,0.0003
26390,-0.01835761137335794,-9.031576615571975,0.43849754333496094,141.59556579589844,5406720,0.9532504,282.8227822542191,0.2,2640,107.39,0.47421875,579.45634284,110,0.52630997,48832,0.0003
26490,-0.00030776785279158504,-9.099809169769287,0.4401558041572571,320.8378601074219,5427200,0.85896605,610.1537420749664,0.2,2650,73.08,0.37685546875,378.70442898,110,0.34832945,48925,0.0003
26590,0.0034231646481202916,-9.044588130712508,0.4388168454170227,216.82809448242188,5447680,0.88357353,488.87261748313904,0.2,2660,75.62,0.445458984375,395.33577655,111,0.76471597,49019,0.0003
26690,0.00743139615515247,-8.993734827637672,0.43697136640548706,146.86419677734375,5468160,0.9323107,314.0322217464447,0.2,2670,79.87,0.512841796875,416.3350047899998,111,0.7690586,49105,0.0003
26790,-0.009085959519143216,-8.99845444560051,0.43694475293159485,316.2267761230469,5488640,0.9072856,522.3024357795715,0.2,2680,86.77,0.404150390625,448.8666516999999,111,0.43709192,49191,0.0003
26890,0.001446244670660235,-8.944290101528168,0.4350823760032654,123.2603759765625,5509120,0.9299463,371.7455208301544,0.2,2690,90.36,0.44970703125,470.56044610000004,111,0.66057974,49280,0.0003
26990,-0.026428184298856648,-8.920137304067612,0.43512481451034546,140.11988830566406,5529600,0.93251354,416.30429615974424,0.2,2700,88.23,0.426318359375,462.37372613,112,0.22845268,49371,0.0003
27090,-0.0034282365988474338,-8.907394835352898,0.43453946709632874,89.99659729003906,5550080,0.9242008,401.4202330112457,0.2,2710,86.39,0.45693359375,448.6101681400001,112,0.43862107,49458,0.0003
27190,-0.014053657223121263,-8.910422754287719,0.4346189498901367,145.22190856933594,5570560,0.9302492,370.90003576278684,0.2,2720,89.29,0.431396484375,462.77009974,112,0.38769805,49544,0.0003
27290,-0.004836937721120193,-8.880489975214005,0.4339698851108551,88.87207794189453,5591040,0.92510206,348.35180058479307,0.2,2730,86.32,0.48505859375,450.50092823000006,112,0.5032563,49631,0.0003
27390,-0.01107774838746991,-8.851238977909087,0.4337696135044098,109.86465454101562,5611520,0.94881505,243.18906691074372,0.2,2740,94.09,0.47412109375,492.28285421,112,0.49906933,49719,0.0003
27490,-0.021175800130004065,-8.834521561861038,0.4332408607006073,145.7100830078125,5632000,0.93319976,351.0862909317017,0.2,2750,100.56,0.37265625,523.80904273,113,0.30653378,49809,0.0003
27590,-0.022526166171883234,-8.832452103495598,0.4327775537967682,75.70256042480469,5652480,0.9511847,270.1067593097687,0.2,2760,98.87,0.36982421875,521.95963202,113,0.2225177,49894,0.0003
27690,-0.0012628845346625895,-8.836346071958541,0.43295207619667053,94.20527648925781,5672960,0.94139564,318.13609471321104,0.2,2770,94.99,0.42001953125,494.39963984999997,113,0.2864606,49983,0.0003
27790,-0.02199527201883029,-8.746136221289635,0.4310312271118164,158.9243621826172,5693440,0.9416637,383.9587302684784,0.2,2780,100.25,0.413037109375,527.13084057,113,0.3845408,50069,0.0003
27890,-0.0037030218227300793,-8.742532339692115,0.4305470585823059,98.57317352294922,5713920,0.95313406,265.12398612499237,0.2,2790,100.04,0.486083984375,522.44736887,113,0.3925039,50154,0.0003
27990,-0.013615119727910496,-8.709683588147163,0.4299829602241516,134.74754333496094,5734400,0.95309603,298.91656250953673,0.2,2800,98.4,0.47333984375,511.02302735000006,114,0.38084006,50237,0.0003
28090,-0.007704063251730986,-8.651129204034806,0.42770275473594666,158.01585388183594,5754880,0.9498234,311.95260457992555,0.2,2810,101.4,0.4201171875,534.6908118700001,114,0.6081121,50320,0.0003
28190,-0.021751513087656348,-8.605653277039528,0.4261936843395233,95.49203491210938,5775360,0.96624637,235.5270290374756,0.2,2820,108.74,0.4345703125,565.5628368700001,114,0.26081952,50402,0.0003
28290,0.004598771367454901,-8.59122013449669,0.42636343836784363,136.946044921875,5795840,0.9432573,298.59156436920165,0.2,2830,105.87,0.447607421875,560.75693325,114,0.7726666,50485,0.0003
28390,-0.022656954504782334,-8.630402007699013,0.4268329441547394,91.99620819091797,5816320,0.9493273,333.60857038497926,0.2,2840,103.56,0.414892578125,547.6741993299999,115,0.3538713,50569,0.0003
28490,-0.005524891894310713,-8.578603953123093,0.4259567856788635,135.49844360351562,5836800,0.9424166,326.9032524585724,0.2,2850,107.88,0.427880859375,573.08659253,115,0.7662956,50652,0.0003
28590,-0.015493442674051039,-8.564609786868095,0.4256761074066162,182.72714233398438,5857280,0.9458677,333.66680274009707,0.2,2860,105.38,0.39453125,559.1484197400001,115,0.27711686,50741,0.0003
28690,-0.007276177938911133,-8.540181782841682,0.42504093050956726,147.7742156982422,5877760,0.9514884,320.34621658325193,0.2,2870,105.04,0.421923828125,559.83606962,115,0.3468573,50829,0.0003
28790,-0.017112714471295476,-8.532357397675515,0.424434095621109,101.43170166015625,5898240,0.94952613,302.07798194885254,0.2,2880,109.8,0.394482421875,586.3974598199999,115,0.47690916,50915,0.0003
28890,-0.01638214187405538,-8.523203265666961,0.42404675483703613,105.11070251464844,5918720,0.9493941,336.64044694900514,0.2,2890,111.19,0.396435546875,585.6603374900001,116,0.36492503,51002,0.0003
28990,0.019458196000778118,-8.503855031728744,0.42444226145744324,78.34693908691406,5939200,0.9605282,276.396248793602,0.2,2900,108.17,0.47939453125,578.37359626,116,0.66646,51089,0.0003
29090,-0.022262403137574438,-8.499771562218665,0.42412427067756653,123.98054504394531,5959680,0.959354,257.4378712654114,0.2,2910,104.06,0.403759765625,559.2029593500001,116,0.39899656,51180,0.0003
29190,-0.017037008272018282,-8.428505468368531,0.42249810695648193,82.48758697509766,5980160,0.9621298,250.45558412075042,0.2,2920,105.44,0.434423828125,556.15029164,116,0.415654,51266,0.0003
29290,-0.016151105819153598,-8.35760478079319,0.42053863406181335,107.68028259277344,6000640,0.94437456,328.419238615036,0.2,2930,102.46,0.39853515625,538.28932507,116,0.36217713,51348,0.0003
29390,-0.0013240412110462785,-8.342119869589805,0.4206118881702423,82.7721176147461,6021120,0.9619213,246.7166711807251,0.2,2940,98.84,0.4541015625,523.50114048,117,0.50972736,51432,0.0003
29490,-0.013531391228025314,-8.276970064640045,0.41917580366134644,80.54966735839844,6041600,0.9646751,253.36106288433075,0.2,2950,108.02,0.440283203125,577.7757586,117,0.5010288,51516,0.0003
29590,-0.006141948403092101,-8.224422937631607,0.4178861677646637,235.85693359375,6062080,0.9496389,363.86404972076417,0.2,2960,110.33,0.3984375,596.22509717,117,0.48839024,51601,0.0003
29690,-0.012018875774811023,-8.25152208507061,0.41858139634132385,119.04174041748047,6082560,0.9520601,351.9118821620941,0.2,2970,108.45,0.40595703125,579.37807932,117,0.6173402,51684,0.0003
29790,-0.03401424814655911,-8.212530297040939,0.4173806607723236,179.37893676757812,6103040,0.9492032,352.0197138786316,0.2,2980,112.32,0.36884765625,598.4666897999999,117,0.28581232,51764,0.0003
29890,0.022987089170783293,-8.2111381649971,0.4172082245349884,63.71693420410156,6123520,0.96009094,237.31053965091706,0.2,2990,107.55,0.4869140625,575.2438013199999,118,0.90347373,51845,0.0003
29990,0.03550867448793724,-8.203107446432114,0.4166219234466553,114.13324737548828,6144000,0.95370793,291.96822319030764,0.2,3000,104.94,0.46162109375,562.58443569,118,0.6530971,51932,0.0003
30090,-0.021703045116737485,-8.194758707284928,0.41590601205825806,154.99488830566406,6164480,0.9274403,477.4501476764679,0.2,3010,113.66,0.34970703125,610.25205592,118,0.31871802,52016,0.0003
30190,-0.01859761822852306,-8.161577612161636,0.4147936999797821,141.7639617919922,6184960,0.94257295,388.1275583744049,0.2,3020,109.19,0.370703125,584.3117497,118,0.35412195,52100,0.0003
30290,-0.015600348997395486,-8.096057200431824,0.4136742353439331,111.59745025634766,6205440,0.938534,406.06776156425474,0.2,3030,111.59,0.455029296875,601.73721616,118,0.44932798,52183,0.0003
30390,-0.0006199513270985335,-8.029445013403892,0.4122883975505829,125.52106475830078,6225920,0.9447005,320.1099254131317,0.2,3040,107.48,0.4544921875,577.8471392499999,119,0.4795792,52266,0.0003
30490,-0.018703589745564388,-7.980840727686882,0.41091683506965637,100.17536163330078,6246400,0.94455326,383.20962052345277,0.2,3050,108.95,0.357177734375,588.0243302,119,0.3867186,52349,0.0003
30590,-0.0012088172166841104,-7.939234882593155,0.41043341159820557,119.67538452148438,6266880,0.9576503,288.16901988983153,0.2,3060,108.25,0.47607421875,586.38627074,119,0.62479377,52434,0.0003
30690,0.00464876442856621,-7.935862331092357,0.41043564677238464,103.12133026123047,6287360,0.9492446,329.4571653366089,0.2,3070,111.78,0.43896484375,605.4099519700001,119,0.5926274,52520,0.0003
30790,-0.01594642081472557,-7.916497939825058,0.41016438603401184,112.82801055908203,6307840,0.95127743,344.8939431190491,0.2,3080,108.18,0.392431640625,579.3816658799999,119,0.27358925,52612,0.0003
30890,-0.00923611952457577,-7.91994349360466,0.4100241959095001,70.0107421875,6328320,0.94591534,351.45428161621095,0.2,3090,108.42,0.3578125,584.3585796599999,120,0.45527983,52695,0.0003
30990,0.014160232650465333,-7.923271553218365,0.40992945432662964,111.93582153320312,6348800,0.94016004,351.7769791603088,0.2,3100,108.16,0.457080078125,580.3066641700002,120,0.95611846,52777,0.0003
31090,-0.024108679269556888,-7.879007589817047,0.408862829208374,163.26014709472656,6369280,0.9282084,416.0691785812378,0.2,3110,107.38,0.39111328125,578.62943275,120,0.21685722,52858,0.0003
31190,-0.004063525557285175,-7.831016950309277,0.40777161717414856,143.6333770751953,6389760,0.9561284,305.9360375881195,0.2,3120,107.63,0.457470703125,577.93153986,120,0.53666544,52943,0.0003
31290,-0.02447374527400825,-7.792903055250645,0.40600547194480896,194.41200256347656,6410240,0.93746483,385.6852840423584,0.2,3130,105.54,0.36591796875,571.57555831,120,0.3186233,53025,0.0003
31390,-0.00981339680729434,-7.821498356759548,0.4073167145252228,168.080322265625,6430720,0.9402722,413.3746754169464,0.2,3140,105.78,0.379443359375,574.0092901800001,121,0.27755523,53106,0.0003
31490,0.0008038419531658292,-7.806086555123329,0.4069952666759491,177.27781677246094,6451200,0.9484969,337.48974137306215,0.2,3150,105.29,0.41513671875,572.27506471,121,0.39354366,53187,0.0003
31590,0.004298124098568223,-7.764587216079235,0.4062003493309021,79.6417236328125,6471680,0.94097453,337.01143672466276,0.2,3160,108.29,0.461376953125,586.6634263699999,121,0.52151424,53270,0.0003
31690,-0.023204330791486427,-7.72991219162941,0.40577560663223267,117.58322143554688,6492160,0.93776274,481.309950876236,0.2,3170,111.44,0.3599609375,604.89093204,121,0.3208065,53355,0.0003
31790,0.010643265533144586,-7.679723197221756,0.4043062627315521,155.68275451660156,6512640,0.9397091,372.6647954463959,0.2,3180,107.38,0.4607421875,579.25878063,121,0.901355,53435,0.0003
31890,-0.008804723384673706,-7.666953322291374,0.40445443987846375,65.2549057006836,6533120,0.95804524,279.8679187297821,0.2,3190,109.77,0.45859375,599.25196075,122,0.4431302,53519,0.0003
31990,-0.001043305467464961,-7.62198480963707,0.40305760502815247,98.83149719238281,6553600,0.94420195,320.40969314575193,0.2,3200,106.17,0.4787109375,576.53637022,122,1.0511312,53601,0.0003
32090,-0.0136792512901593,-7.556740130484104,0.4012063443660736,161.83642578125,6574080,0.9451944,382.81305384635925,0.2,3210,109.57,0.396533203125,592.47962839,122,0.4244327,53681,0.0003
32190,-0.022783260281721597,-7.523629419505596,0.4003547132015228,155.26783752441406,6594560,0.9373301,430.2664846897125,0.2,3220,107.45,0.36923828125,584.5066412900001,122,0.3756295,53766,0.0003
32290,-0.01426737113215495,-7.443067958950996,0.39810431003570557,114.90120697021484,6615040,0.9570661,324.6004473686218,0.2,3230,109.01,0.40849609375,584.32855475,122,0.4359131,53851,0.0003
32390,-0.020236164319794626,-7.463825091719627,0.3987646698951721,111.87422180175781,6635520,0.95357955,337.2030758857727,0.2,3240,109.56,0.38955078125,591.62847514,123,0.3362793,53934,0.0003
32490,-0.0050478432793170215,-7.475184926390648,0.3996775448322296,157.37416076660156,6656000,0.9596695,274.503249835968,0.2,3250,111.35,0.42548828125,596.46411371,123,0.33916888,54022,0.0003
32590,-0.014660798231489025,-7.4654786959290504,0.39913302659988403,86.77418518066406,6676480,0.9645199,237.45715680122376,0.2,3260,107.17,0.427783203125,578.15367274,123,0.43521166,54105,0.0003
32690,-0.012197324700537138,-7.437869088351727,0.39827072620391846,79.72711181640625,6696960,0.95740867,272.20406811237336,0.2,3270,109.74,0.446142578125,590.9415718,123,0.37608832,54188,0.0003
32790,-0.02060255362011958,-7.4349148869514465,0.39835599064826965,65.78655242919922,6717440,0.9617003,241.9898262500763,0.2,3280,109.13,0.4046875,585.3999927899999,123,0.27809733,54270,0.0003
32890,-0.0257885943952715,-7.387277589738369,0.39738133549690247,89.66959381103516,6737920,0.94629943,366.9257455825806,0.2,3290,109.57,0.369677734375,590.15829833,123,0.20031896,54353,0.0003
32990,-0.008620493399212137,-7.370059786736965,0.3970448076725006,123.64779663085938,6758400,0.9637794,216.55871598720552,0.2,3300,110.41,0.460693359375,594.54797884,124,0.5212656,54436,0.0003
33090,-0.006901817885227502,-7.313556089997292,0.39541393518447876,144.33627319335938,6778880,0.94884735,324.7052800178528,0.2,3310,104.89,0.4294921875,567.7921751399999,124,0.36173227,54521,0.0003
33190,-0.021550152279087343,-7.293053737282753,0.39486879110336304,101.28276062011719,6799360,0.9604938,280.4205319881439,0.2,3320,111.84,0.386279296875,598.68146617,124,0.29390606,54599,0.0003
33290,-0.01840726785303559,-7.268626494705677,0.39380258321762085,100.98479461669922,6819840,0.91853225,347.629475736618,0.2,3330,113.31,0.41953125,602.67462473,124,0.39607295,54679,0.0003
33390,0.002560450352029875,-7.174264226853848,0.3914637267589569,80.55855560302734,6840320,0.95966935,279.69389178752897,0.2,3340,110.88,0.485498046875,596.2096036999999,124,0.52227324,54761,0.0003
33490,-0.00904552884749137,-7.190999731421471,0.3915480375289917,123.83338928222656,6860800,0.9571842,292.39537887573243,0.2,3350,112.38,0.391162109375,601.1527949300001,125,0.37185714,54842,0.0003
33590,-0.014530734822619707,-7.1573049277067184,0.3907597064971924,111.48887634277344,6881280,0.95832634,288.90997819900514,0.2,3360,111.54,0.431884765625,599.44519637,125,0.6274177,54924,0.0003
33690,-0.017381066708185244,-7.149109104275704,0.38991838693618774,86.79208374023438,6901760,0.95268077,328.3001027107239,0.2,3370,112.38,0.417138671875,613.05988528,125,0.4151156,55004,0.0003
33790,0.002712000557221472,-7.121309170126915,0.38898640871047974,133.1592559814453,6922240,0.95241416,281.5727563381195,0.2,3380,106.98,0.45810546875,583.4743415299998,125,0.6712282,55084,0.0003
33890,-0.014315253586391918,-7.10207112878561,0.3887462317943573,124.67386627197266,6942720,0.95583093,277.0867946624756,0.2,3390,107.36,0.4048828125,576.86110937,125,0.29038233,55166,0.0003
33990,0.0032285413617501035,-7.049357403814793,0.3874833285808563,95.04244995117188,6963200,0.9582723,248.0883992433548,0.2,3400,105.51,0.413427734375,568.8636213400001,126,0.54914343,55248,0.0003
34090,-0.012039096103399061,-6.9650361210107805,0.3857506513595581,127.86427307128906,6983680,0.95100194,307.52180485725404,0.2,3410,103.69,0.391748046875,566.58548637,126,0.39592832,55331,0.0003
34190,-0.0144938831042964,-6.967703881859779,0.38600966334342957,111.25203704833984,7004160,0.95909095,258.9154538631439,0.2,3420,107.95,0.3998046875,590.03751476,126,0.40355706,55414,0.0003
34290,0.009218928184418473,-6.901789931952953,0.3844301700592041,106.63280487060547,7024640,0.95767903,291.4060160636902,0.2,3430,103.54,0.507421875,565.81759633,126,0.4524859,55498,0.0003
34390,-0.01315897844324354,-6.914096796512604,0.38400089740753174,115.90200805664062,7045120,0.95020735,300.52889783382415,0.2,3440,103.86,0.43115234375,565.7702511,126,0.48626325,55582,0.0003
34490,-0.01612361978914123,-6.931694503128528,0.3841593265533447,89.0442123413086,7065600,0.9708896,211.4039286851883,0.2,3450,106.56,0.40947265625,581.48720803,126,0.37572974,55665,0.0003
34590,-0.010430658588302322,-6.896843908727169,0.38355329632759094,107.77132415771484,7086080,0.9721345,195.60039970874786,0.2,3460,105.48,0.43935546875,579.2739522500001,127,0.51148033,55748,0.0003
34690,-0.010185183108842467,-6.841744157671928,0.38217073678970337,94.90069580078125,7106560,0.95905656,260.9753994464874,0.2,3470,104.24,0.464501953125,570.7447579400001,127,0.56138897,55832,0.0003
34790,-0.01297047974076122,-6.894998595118523,0.3836576044559479,122.67425537109375,7127040,0.9555423,312.49764065742494,0.2,3480,106.25,0.400244140625,578.5793048099999,127,0.30745602,55916,0.0003
34890,-0.011159786222560798,-6.809408786892891,0.38172298669815063,157.45208740234375,7147520,0.94830656,355.0092010498047,0.2,3490,108.61,0.455419921875,597.54983442,127,0.6429,56000,0.0003
34990,-0.0048061698878882455,-6.811400876939297,0.38225865364074707,110.55047607421875,7168000,0.9548184,299.31211628913877,0.2,3500,111.23,0.44580078125,606.55420757,127,0.8324945,56087,0.0003
35090,0.007908180978847667,-6.789123271405697,0.3811768591403961,88.74998474121094,7188480,0.96362525,248.3979808330536,0.2,3510,109.35,0.49169921875,594.1999624700001,127,0.45121467,56187,0.0003
35190,0.00446386345429346,-6.767632354795933,0.38024407625198364,74.63404846191406,7208960,0.96558374,227.52263181209565,0.2,3520,106.15,0.485693359375,573.83531939,128,0.64866483,56271,0.0003
35290,-0.008187955612083898,-6.772170056402683,0.3808958828449249,165.78086853027344,7229440,0.95098156,316.98798241615293,0.2,3530,111.96,0.4333984375,609.18260793,128,0.53199404,56353,0.0003
35390,-0.005039963035960682,-6.724952605366707,0.379800021648407,106.67184448242188,7249920,0.9538225,323.4728260993958,0.2,3540,109.95,0.41806640625,595.8681499099999,128,0.38104635,56434,0.0003
35490,-0.0035986124421469867,-6.760300236940384,0.3807954788208008,91.04051208496094,7270400,0.95975316,283.2542046070099,0.2,3550,110.01,0.452294921875,598.8533813900001,128,0.49931943,56524,0.0003
35590,-0.012563725738436915,-6.7972261875867845,0.38125017285346985,96.90380859375,7290880,0.95989716,292.24575939178465,0.2,3560,110.34,0.436181640625,599.92340563,128,0.39126316,56612,0.0003
35690,0.004696492583025247,-6.7150684431195256,0.37962037324905396,92.50011444091797,7311360,0.9655858,239.08013420104982,0.2,3570,108.88,0.527685546875,597.2106606000001,128,0.61771786,56694,0.0003
35790,-0.019865052419481798,-6.636174711585045,0.3787943124771118,168.52951049804688,7331840,0.94931084,351.5246850013733,0.2,3580,108.85,0.3775390625,593.13152522,129,0.380604,56778,0.0003
35890,-0.009096138124004938,-6.603217376768589,0.3776729702949524,105.54081726074219,7352320,0.9377212,355.93391408920286,0.2,3590,103.47,0.398046875,564.16043432,129,0.36978075,56871,0.0003
35990,-0.017263748619006945,-6.610083802044391,0.37813499569892883,131.620849609375,7372800,0.9530828,347.66264071464536,0.2,3600,106.62,0.37900390625,580.63026265,129,0.3189873,56964,0.0003
